id_hogar,ingreso_mensual,edad_jefe,escolaridad_anios,tamano_hogar,urbano,tiene_credito_hipotecario,gasto_vivienda,entidad
1,14582.0,39.0,15.0,2,1,1,4412.0,La Paz
2,12660.0,20.0,14.0,3,1,0,2609.0,La Paz
3,8205.0,20.0,9.0,2,0,1,2921.0,Hermosillo
4,12285.0,59.0,13.0,5,1,1,2977.0,Zacatecas
5,17886.0,37.0,9.0,4,1,0,3987.0,San Luis Potosí
6,22022.0,38.0,18.0,2,1,1,4496.0,Zacatecas
7,10779.0,41.0,9.0,3,0,1,3065.0,Zacatecas
8,6009.0,47.0,17.0,6,1,0,1734.0,Campeche
9,21657.0,44.0,14.0,4,1,1,4866.0,Tepic
10,5379.0,28.0,9.0,3,1,0,1185.0,Morelia
11,2871.0,20.0,14.0,2,1,0,687.0,Toluca
12,37275.0,52.0,10.0,4,1,0,9599.0,Chilpancingo
13,14902.0,43.0,18.0,2,1,1,4935.0,San Luis Potosí
14,27652.0,44.0,3.0,4,1,1,7768.0,Guadalajara
15,20171.0,38.0,10.0,3,1,1,4707.0,Colima
16,12280.0,41.0,12.0,2,1,1,3293.0,Guadalajara
17,4606.0,38.0,6.0,2,0,0,1135.0,Chilpancingo
18,15615.0,32.0,4.0,6,1,0,3563.0,Tuxtla Gutiérrez
19,13096.0,46.0,7.0,5,1,0,3217.0,Aguascalientes
20,11240.0,34.0,9.0,2,1,1,1454.0,Pachuca
21,15593.0,33.0,14.0,4,1,1,2859.0,Ciudad de México
22,8761.0,35.0,16.0,1,1,1,2285.0,Hermosillo
23,10010.0,50.0,11.0,8,1,0,2631.0,Veracruz
24,4320.0,53.0,12.0,3,1,0,1422.0,Cuernavaca
25,17345.0,30.0,7.0,3,0,0,4324.0,Chilpancingo
26,12721.0,23.0,10.0,4,1,1,3719.0,Oaxaca
27,27690.0,46.0,17.0,2,1,0,8013.0,Toluca
28,17154.0,48.0,7.0,6,0,0,3601.0,La Paz
29,11822.0,31.0,7.0,5,1,0,3103.0,Campeche
30,4589.0,40.0,14.0,2,1,0,687.0,Oaxaca
31,2864.0,32.0,13.0,3,1,0,447.0,Puebla
32,20177.0,47.0,4.0,3,0,0,7804.0,Cuernavaca
33,18157.0,26.0,18.0,1,0,1,4820.0,Saltillo
34,6221.0,23.0,9.0,3,0,0,1844.0,Zacatecas
35,18260.0,57.0,11.0,4,0,1,3351.0,Oaxaca
36,5555.0,20.0,9.0,3,1,1,1222.0,Cancún
37,10588.0,46.0,11.0,4,0,0,3066.0,Pachuca
38,25604.0,54.0,4.0,2,1,1,4708.0,Colima
39,37540.0,55.0,9.0,6,0,1,8869.0,Tepic
40,7139.0,36.0,9.0,1,1,0,1512.0,Pachuca
41,11012.0,48.0,17.0,2,1,1,3618.0,Chihuahua
42,10065.0,41.0,10.0,4,1,0,3726.0,La Paz
43,17271.0,29.0,11.0,1,1,0,2124.0,Tuxtla Gutiérrez
44,33786.0,38.0,14.0,8,1,1,8757.0,Morelia
45,6737.0,42.0,10.0,2,0,0,1273.0,Tuxtla Gutiérrez
46,4434.0,49.0,7.0,3,1,0,994.0,León
47,24303.0,46.0,14.0,5,1,0,2632.0,Chilpancingo
48,8925.0,49.0,9.0,6,1,0,2465.0,Cancún
49,6253.0,50.0,10.0,3,1,1,1202.0,Aguascalientes
50,3979.0,35.0,12.0,6,1,1,1191.0,Aguascalientes
51,33890.0,45.0,10.0,4,0,1,9832.0,Mérida
52,14638.0,46.0,11.0,2,1,1,4988.0,Villahermosa
53,14871.0,62.0,10.0,1,1,1,2001.0,Chihuahua
54,34708.0,29.0,17.0,1,1,0,9975.0,Ciudad de México
55,21351.0,38.0,15.0,6,1,1,6905.0,Ciudad de México
56,17405.0,20.0,10.0,1,1,1,4517.0,La Paz
57,3650.0,20.0,12.0,3,1,0,1279.0,Reynosa
58,9265.0,52.0,11.0,5,1,1,3350.0,Mérida
59,5587.0,40.0,8.0,5,1,1,880.0,Culiacán
60,9843.0,41.0,6.0,10,1,0,3096.0,Zacatecas
61,6203.0,28.0,0.0,2,0,0,1717.0,Guadalajara
62,29994.0,29.0,8.0,4,0,1,7214.0,Chihuahua
63,3955.0,27.0,13.0,3,1,1,437.0,Villahermosa
64,26380.0,30.0,13.0,5,0,0,6017.0,Mérida
65,10379.0,38.0,12.0,1,1,0,2708.0,Saltillo
66,6996.0,42.0,10.0,2,1,0,2143.0,La Paz
67,28593.0,38.0,7.0,5,1,0,3400.0,Morelia
68,18525.0,45.0,14.0,3,1,0,3871.0,Culiacán
69,7743.0,46.0,12.0,5,1,1,2517.0,Reynosa
70,10781.0,53.0,13.0,1,1,0,1764.0,León
71,22661.0,58.0,10.0,1,1,1,3333.0,Cancún
72,23037.0,40.0,8.0,7,1,1,7184.0,Hermosillo
73,24951.0,50.0,10.0,5,1,0,4234.0,Pachuca
74,6918.0,38.0,6.0,2,0,0,2116.0,Tepic
75,9793.0,23.0,9.0,3,0,1,2125.0,Veracruz
76,25786.0,29.0,11.0,4,0,1,5942.0,Hermosillo
77,14717.0,44.0,10.0,4,0,1,2361.0,Morelia
78,5820.0,50.0,14.0,2,1,1,952.0,Saltillo
79,14843.0,23.0,17.0,2,0,1,3023.0,Chilpancingo
80,25870.0,43.0,7.0,2,1,0,1804.0,Villahermosa
81,3555.0,49.0,9.0,3,1,0,1028.0,Chihuahua
82,17821.0,51.0,11.0,2,0,1,3230.0,Villahermosa
83,11722.0,54.0,9.0,1,1,0,3761.0,Toluca
84,13006.0,69.0,12.0,6,1,0,3068.0,Campeche
85,4776.0,45.0,11.0,1,1,0,1450.0,La Paz
86,10458.0,25.0,11.0,4,0,0,3028.0,Tuxtla Gutiérrez
87,12391.0,33.0,11.0,3,1,1,2941.0,Ciudad de México
88,12085.0,45.0,15.0,4,1,0,1720.0,Hermosillo
89,20892.0,45.0,16.0,3,0,0,5936.0,Monterrey
90,21879.0,26.0,11.0,4,1,1,6557.0,Cancún
91,5305.0,24.0,13.0,1,1,0,1223.0,Monterrey
92,12201.0,43.0,7.0,3,1,1,5084.0,Toluca
93,21360.0,48.0,10.0,5,1,0,7021.0,Tepic
94,26811.0,44.0,11.0,1,1,1,5511.0,Cancún
95,23314.0,24.0,13.0,5,0,0,8039.0,Ciudad de México
96,4538.0,54.0,12.0,3,1,0,1165.0,Chihuahua
97,38715.0,48.0,13.0,3,1,0,6219.0,Chilpancingo
98,8672.0,50.0,7.0,2,1,0,2793.0,Campeche
99,15586.0,46.0,10.0,4,1,0,623.0,Querétaro
100,36023.0,51.0,14.0,3,1,0,10907.0,Saltillo
101,9551.0,38.0,5.0,1,1,0,2020.0,Colima
102,8075.0,25.0,10.0,4,1,0,2125.0,San Luis Potosí
103,3906.0,45.0,19.0,5,1,1,850.0,Ciudad de México
104,8674.0,26.0,13.0,1,1,0,3383.0,Querétaro
105,18208.0,43.0,8.0,5,1,1,5111.0,Puebla
106,11568.0,47.0,5.0,5,1,1,2641.0,Puebla
107,18892.0,34.0,14.0,3,0,0,4757.0,Pachuca
108,3659.0,44.0,17.0,2,1,0,671.0,Cancún
109,15604.0,34.0,9.0,5,0,0,4337.0,Hermosillo
110,23098.0,39.0,11.0,1,1,1,6450.0,Colima
111,10736.0,41.0,9.0,1,1,1,1704.0,Monterrey
112,17629.0,20.0,9.0,3,1,0,3471.0,Zacatecas
113,3359.0,27.0,11.0,3,0,0,607.0,Aguascalientes
114,17091.0,33.0,13.0,6,1,1,1529.0,Mérida
115,8059.0,20.0,15.0,8,1,0,2966.0,Hermosillo
116,10854.0,29.0,15.0,11,1,0,3092.0,Hermosillo
117,4439.0,45.0,13.0,3,1,1,828.0,Mérida
118,14763.0,43.0,14.0,4,1,1,3230.0,Tuxtla Gutiérrez
119,23736.0,60.0,7.0,11,1,0,5374.0,Tepic
120,4028.0,61.0,10.0,2,1,1,954.0,Reynosa
121,5074.0,28.0,9.0,5,1,0,1318.0,Ciudad de México
122,6115.0,45.0,13.0,4,1,0,963.0,Tepic
123,11564.0,41.0,16.0,5,0,0,3540.0,Cancún
124,11113.0,36.0,6.0,4,1,1,3434.0,Chihuahua
125,8841.0,33.0,8.0,3,0,0,1460.0,Morelia
126,10023.0,50.0,9.0,1,1,0,2318.0,Ciudad de México
127,12265.0,32.0,12.0,2,1,0,3022.0,Saltillo
128,5105.0,43.0,11.0,6,1,1,1013.0,Puebla
129,9509.0,34.0,9.0,1,1,1,2952.0,Tlaxcala
130,10261.0,52.0,6.0,2,1,0,2293.0,Pachuca
131,12032.0,51.0,6.0,5,0,0,3518.0,Campeche
132,6809.0,39.0,11.0,2,1,1,1844.0,Morelia
133,9116.0,38.0,8.0,6,0,0,1670.0,Tijuana
134,9115.0,21.0,10.0,3,1,1,2294.0,Tlaxcala
135,15222.0,34.0,9.0,1,1,0,3258.0,Zacatecas
136,17163.0,39.0,10.0,4,0,0,3003.0,Ciudad de México
137,15511.0,35.0,15.0,5,1,1,5067.0,San Luis Potosí
138,20054.0,30.0,11.0,5,1,0,7277.0,La Paz
139,8021.0,44.0,13.0,7,1,0,2410.0,Aguascalientes
140,11318.0,29.0,9.0,5,0,0,2020.0,Durango
141,10243.0,22.0,11.0,1,1,1,3272.0,Veracruz
142,8943.0,37.0,11.0,2,1,0,2064.0,Campeche
143,18387.0,34.0,5.0,4,1,0,3632.0,Cancún
144,8119.0,41.0,10.0,8,1,1,1590.0,Toluca
145,14208.0,27.0,13.0,7,1,0,4071.0,Colima
146,2118.0,39.0,12.0,3,1,0,388.0,Cuernavaca
147,15321.0,62.0,5.0,5,1,0,3062.0,Mérida
148,10803.0,43.0,13.0,5,1,0,3347.0,La Paz
149,7559.0,45.0,11.0,4,1,1,1675.0,Toluca
150,6106.0,40.0,14.0,1,1,1,2785.0,Tuxtla Gutiérrez
151,10645.0,25.0,6.0,3,0,0,1017.0,Aguascalientes
152,8453.0,28.0,6.0,5,1,0,2622.0,Morelia
153,9829.0,64.0,7.0,7,0,0,820.0,Chihuahua
154,19043.0,67.0,14.0,4,1,1,5146.0,Durango
155,23345.0,27.0,7.0,2,1,0,4387.0,Puebla
156,2503.0,40.0,6.0,5,1,0,452.0,Tuxtla Gutiérrez
157,9550.0,36.0,16.0,4,1,1,2620.0,Reynosa
158,7406.0,21.0,17.0,3,1,0,1131.0,Tepic
159,5169.0,67.0,9.0,3,1,1,942.0,Reynosa
160,10618.0,51.0,11.0,5,1,0,2016.0,Zacatecas
161,7316.0,41.0,8.0,2,1,0,1725.0,Tijuana
162,32785.0,31.0,14.0,1,1,1,11530.0,León
163,3405.0,26.0,17.0,3,1,0,510.0,Culiacán
164,8389.0,33.0,18.0,2,0,1,2197.0,Tuxtla Gutiérrez
165,26339.0,60.0,12.0,2,1,1,5769.0,Villahermosa
166,10939.0,20.0,10.0,3,0,0,2330.0,Cancún
167,3682.0,34.0,12.0,3,1,1,725.0,Tijuana
168,6731.0,40.0,16.0,4,0,1,1465.0,Pachuca
169,23168.0,39.0,13.0,5,1,0,4037.0,Chilpancingo
170,25584.0,46.0,9.0,2,1,0,2831.0,Hermosillo
171,11253.0,36.0,10.0,5,1,0,3016.0,Chilpancingo
172,11355.0,61.0,15.0,2,1,1,2856.0,Pachuca
173,8751.0,46.0,15.0,3,0,1,1343.0,Pachuca
174,23287.0,39.0,8.0,6,0,0,8475.0,Aguascalientes
175,7096.0,26.0,13.0,5,1,0,2467.0,Tlaxcala
176,5605.0,29.0,16.0,3,0,1,1794.0,Colima
177,5076.0,34.0,12.0,2,1,1,928.0,Toluca
178,7628.0,25.0,16.0,2,1,0,2809.0,Querétaro
179,11922.0,36.0,17.0,7,0,1,3425.0,Morelia
180,8701.0,61.0,9.0,5,1,0,1532.0,Puebla
181,5596.0,65.0,15.0,3,1,0,1423.0,Colima
182,57758.0,43.0,12.0,6,1,1,12416.0,Morelia
183,21702.0,20.0,11.0,2,1,1,6556.0,Puebla
184,9800.0,39.0,9.0,2,1,1,1395.0,Campeche
185,6079.0,51.0,1.0,2,1,0,2424.0,Tlaxcala
186,15979.0,63.0,10.0,4,1,1,2802.0,La Paz
187,10693.0,63.0,12.0,5,1,0,3985.0,Tuxtla Gutiérrez
188,5807.0,39.0,16.0,5,0,0,1318.0,Puebla
189,10828.0,43.0,11.0,1,0,1,4072.0,Hermosillo
190,9157.0,40.0,7.0,2,1,1,1877.0,Villahermosa
191,9147.0,54.0,6.0,2,1,0,1179.0,Chihuahua
192,12403.0,50.0,4.0,2,1,0,927.0,Ciudad de México
193,7467.0,42.0,4.0,5,0,1,2099.0,Villahermosa
194,8923.0,42.0,13.0,2,0,1,1744.0,Chihuahua
195,7640.0,42.0,6.0,2,1,0,1411.0,Oaxaca
196,13528.0,38.0,14.0,4,1,0,541.0,Zacatecas
197,7161.0,44.0,18.0,4,1,0,1525.0,Campeche
198,3665.0,63.0,18.0,8,1,1,491.0,Colima
199,8941.0,47.0,19.0,1,1,1,1761.0,Morelia
200,2851.0,42.0,14.0,4,1,0,283.0,Guadalajara
201,20490.0,32.0,13.0,7,1,1,5575.0,Tlaxcala
202,16081.0,31.0,13.0,1,1,1,4454.0,Chihuahua
203,39627.0,20.0,11.0,5,1,0,4700.0,Campeche
204,21213.0,39.0,10.0,3,1,0,2980.0,Toluca
205,31417.0,56.0,8.0,5,1,1,4462.0,Cuernavaca
206,11038.0,31.0,13.0,2,1,0,3782.0,Puebla
207,3385.0,55.0,11.0,1,1,0,1148.0,Veracruz
208,18170.0,39.0,13.0,1,1,1,4368.0,Cancún
209,81263.0,46.0,16.0,4,1,1,23859.0,Villahermosa
210,3449.0,34.0,8.0,3,1,0,1275.0,Oaxaca
211,16431.0,29.0,8.0,5,1,0,3197.0,Tuxtla Gutiérrez
212,8374.0,60.0,8.0,1,1,0,1281.0,Mérida
213,26149.0,46.0,8.0,2,1,1,6636.0,Hermosillo
214,10602.0,39.0,15.0,6,1,0,3560.0,Cancún
215,3815.0,25.0,10.0,6,1,0,1455.0,Morelia
216,11063.0,39.0,10.0,2,1,0,3403.0,Reynosa
217,16056.0,48.0,11.0,2,1,0,5414.0,Cuernavaca
218,7599.0,38.0,12.0,4,0,0,2162.0,Tijuana
219,8243.0,47.0,12.0,4,1,0,1875.0,Cancún
220,14898.0,38.0,10.0,2,1,1,3829.0,Cuernavaca
221,30909.0,43.0,14.0,4,0,0,6734.0,Veracruz
222,14399.0,48.0,14.0,3,1,1,4801.0,Saltillo
223,13494.0,26.0,9.0,1,1,0,540.0,Ciudad de México
224,9649.0,44.0,7.0,2,1,1,3174.0,San Luis Potosí
225,11102.0,25.0,7.0,3,1,0,3641.0,Hermosillo
226,29995.0,35.0,10.0,3,0,1,10340.0,Tijuana
227,8990.0,46.0,14.0,4,1,0,2620.0,Morelia
228,23301.0,27.0,9.0,6,1,1,4776.0,Mérida
229,14797.0,39.0,1.0,7,1,1,2338.0,Toluca
230,13125.0,62.0,13.0,2,1,1,3293.0,La Paz
231,8428.0,53.0,7.0,1,1,0,1829.0,Chihuahua
232,11663.0,42.0,9.0,2,1,1,1228.0,Campeche
233,15914.0,25.0,18.0,1,1,0,4690.0,Saltillo
234,16088.0,53.0,8.0,7,1,0,3816.0,Aguascalientes
235,15558.0,48.0,6.0,6,1,1,2223.0,Reynosa
236,16266.0,24.0,8.0,3,1,1,3721.0,San Luis Potosí
237,11658.0,53.0,11.0,4,0,0,5135.0,Oaxaca
238,3498.0,47.0,13.0,7,1,0,717.0,Culiacán
239,9886.0,57.0,12.0,3,1,1,2238.0,Morelia
240,10129.0,33.0,5.0,4,1,1,2840.0,Culiacán
241,11549.0,38.0,15.0,4,0,0,1850.0,Tlaxcala
242,19841.0,57.0,9.0,5,0,0,3855.0,La Paz
243,6601.0,26.0,8.0,4,0,0,1877.0,Oaxaca
244,10431.0,28.0,11.0,1,1,0,2683.0,Tijuana
245,46092.0,56.0,10.0,3,0,1,5004.0,Tlaxcala
246,9152.0,41.0,8.0,3,0,0,2638.0,Ciudad de México
247,9492.0,31.0,16.0,3,0,0,1190.0,Veracruz
248,18685.0,43.0,13.0,5,1,1,3325.0,Colima
249,34449.0,74.0,12.0,5,1,0,5746.0,Tlaxcala
250,3717.0,44.0,18.0,2,1,0,720.0,Tuxtla Gutiérrez
251,8072.0,48.0,14.0,3,1,0,2024.0,Durango
252,7373.0,44.0,13.0,4,1,0,1401.0,Colima
253,12361.0,44.0,9.0,4,1,1,2595.0,Hermosillo
254,10005.0,54.0,10.0,1,1,1,2097.0,Chihuahua
255,9932.0,50.0,13.0,3,1,1,3257.0,Tuxtla Gutiérrez
256,14074.0,28.0,15.0,1,1,1,3235.0,Monterrey
257,13965.0,48.0,10.0,4,1,0,2597.0,Guadalajara
258,22636.0,36.0,5.0,4,1,0,2120.0,Toluca
259,28279.0,39.0,11.0,4,1,1,3515.0,Guadalajara
260,13084.0,29.0,6.0,3,0,0,3839.0,Durango
261,17854.0,43.0,10.0,3,1,0,4099.0,San Luis Potosí
262,24640.0,25.0,19.0,3,1,0,2769.0,Campeche
263,14062.0,46.0,14.0,6,1,1,3401.0,Querétaro
264,18650.0,31.0,6.0,7,1,1,5655.0,Tuxtla Gutiérrez
265,7721.0,54.0,14.0,6,1,0,392.0,Hermosillo
266,11680.0,38.0,9.0,1,1,0,1294.0,Puebla
267,14618.0,50.0,20.0,4,1,0,3838.0,Veracruz
268,31351.0,49.0,15.0,4,1,1,5900.0,Ciudad de México
269,12660.0,43.0,13.0,5,1,0,5414.0,Reynosa
270,3656.0,40.0,17.0,6,1,0,625.0,Monterrey
271,7761.0,38.0,11.0,5,1,0,2849.0,León
272,5343.0,43.0,12.0,3,0,1,1140.0,Veracruz
273,11803.0,30.0,8.0,1,0,0,891.0,Campeche
274,9186.0,45.0,12.0,5,1,0,1877.0,Chihuahua
275,18735.0,34.0,15.0,7,1,1,3700.0,San Luis Potosí
276,25023.0,41.0,11.0,1,0,0,8390.0,Tijuana
277,12291.0,58.0,12.0,4,1,0,3372.0,Durango
278,31116.0,37.0,13.0,1,1,1,8090.0,Tlaxcala
279,25037.0,48.0,3.0,1,1,0,7373.0,Chilpancingo
280,16537.0,43.0,14.0,2,1,0,2598.0,Ciudad de México
281,34801.0,32.0,13.0,4,1,0,8898.0,Culiacán
282,5549.0,45.0,7.0,2,1,0,1002.0,Oaxaca
283,5774.0,38.0,7.0,1,1,0,1896.0,Durango
284,10268.0,60.0,12.0,2,1,1,1839.0,León
285,10104.0,31.0,16.0,4,0,0,2190.0,Guadalajara
286,20718.0,26.0,6.0,2,1,0,7648.0,San Luis Potosí
287,23835.0,50.0,10.0,2,1,1,8805.0,Monterrey
288,15421.0,44.0,6.0,5,1,1,3866.0,Guadalajara
289,20931.0,32.0,13.0,3,1,0,4880.0,Durango
290,9735.0,54.0,9.0,4,1,1,1215.0,Zacatecas
291,13256.0,20.0,10.0,2,1,1,2622.0,Chilpancingo
292,11371.0,52.0,13.0,7,1,0,4262.0,Oaxaca
293,17873.0,34.0,10.0,7,0,0,5578.0,Cancún
294,8603.0,41.0,15.0,6,1,1,2374.0,Hermosillo
295,13502.0,36.0,11.0,4,1,0,3010.0,Aguascalientes
296,24209.0,47.0,8.0,8,1,0,9438.0,Ciudad de México
297,10045.0,44.0,9.0,4,1,1,767.0,Tlaxcala
298,12941.0,43.0,7.0,5,1,0,1795.0,Pachuca
299,12562.0,23.0,8.0,4,0,1,2412.0,Campeche
300,7647.0,20.0,9.0,5,1,1,2022.0,Villahermosa
301,22296.0,55.0,11.0,3,1,1,3558.0,Monterrey
302,4256.0,43.0,14.0,2,1,1,749.0,La Paz
303,11047.0,37.0,9.0,5,1,0,3378.0,Saltillo
304,17761.0,36.0,10.0,2,1,1,5796.0,Ciudad de México
305,10642.0,62.0,20.0,6,1,1,3320.0,Colima
306,15595.0,46.0,12.0,4,1,0,4075.0,Campeche
307,6822.0,26.0,10.0,10,1,0,1889.0,Morelia
308,13323.0,22.0,10.0,3,1,0,3985.0,San Luis Potosí
309,32112.0,52.0,7.0,1,1,1,10049.0,Oaxaca
310,22549.0,50.0,14.0,3,1,1,2880.0,Aguascalientes
311,4459.0,25.0,9.0,9,1,0,893.0,Puebla
312,16135.0,41.0,13.0,2,1,0,5286.0,Oaxaca
313,12815.0,43.0,9.0,2,1,1,1708.0,Chilpancingo
314,6481.0,30.0,6.0,3,0,0,483.0,Pachuca
315,9468.0,34.0,13.0,5,1,0,3468.0,Guadalajara
316,12681.0,24.0,14.0,3,1,0,2221.0,Mérida
317,14727.0,37.0,11.0,6,1,0,4346.0,Toluca
318,16167.0,33.0,10.0,6,1,1,3497.0,Oaxaca
319,5043.0,29.0,15.0,5,1,1,1241.0,Ciudad de México
320,7888.0,43.0,12.0,4,1,1,316.0,Guadalajara
321,1273.0,36.0,3.0,3,0,0,213.0,Toluca
322,21240.0,46.0,16.0,2,1,0,7807.0,San Luis Potosí
323,4584.0,52.0,12.0,2,1,0,718.0,Tijuana
324,26067.0,24.0,9.0,3,1,1,6930.0,San Luis Potosí
325,18723.0,20.0,8.0,4,0,1,4198.0,Mérida
326,23889.0,32.0,10.0,6,1,1,7094.0,Chilpancingo
327,10387.0,34.0,11.0,5,1,1,2870.0,Toluca
328,8381.0,38.0,18.0,5,1,0,1278.0,Campeche
329,19192.0,33.0,7.0,2,0,0,3999.0,Chilpancingo
330,15294.0,44.0,10.0,4,1,0,4736.0,Reynosa
331,7936.0,36.0,16.0,7,0,0,2143.0,Monterrey
332,22211.0,49.0,16.0,3,0,0,6660.0,Veracruz
333,32181.0,33.0,10.0,2,1,1,7884.0,Aguascalientes
334,43915.0,53.0,14.0,3,1,1,7619.0,Ciudad de México
335,16275.0,41.0,11.0,2,0,1,1951.0,Reynosa
336,12440.0,52.0,14.0,2,1,1,4095.0,Mérida
337,12993.0,58.0,13.0,2,1,0,5093.0,Cuernavaca
338,16106.0,40.0,10.0,1,1,0,3043.0,Colima
339,8646.0,22.0,12.0,7,1,0,2692.0,Mérida
340,8139.0,20.0,11.0,2,1,0,2058.0,Culiacán
341,12904.0,38.0,11.0,6,0,0,4201.0,Cancún
342,7826.0,30.0,14.0,3,1,1,2665.0,León
343,9074.0,38.0,6.0,3,1,0,2829.0,Veracruz
344,11543.0,20.0,13.0,1,1,1,630.0,Oaxaca
345,13825.0,48.0,10.0,7,0,0,1477.0,Mérida
346,8605.0,49.0,16.0,3,1,0,1815.0,Tepic
347,16470.0,56.0,8.0,4,0,1,4273.0,Aguascalientes
348,17667.0,60.0,9.0,6,1,0,5702.0,Durango
349,8579.0,51.0,15.0,4,1,0,1029.0,Zacatecas
350,5932.0,40.0,15.0,2,1,0,1574.0,Chilpancingo
351,32245.0,45.0,10.0,4,1,0,6617.0,Oaxaca
352,12325.0,50.0,9.0,2,0,0,2656.0,Culiacán
353,13209.0,36.0,14.0,6,1,0,3354.0,Cancún
354,10904.0,42.0,4.0,1,1,0,1664.0,Pachuca
355,7907.0,20.0,9.0,2,1,0,2360.0,Aguascalientes
356,23521.0,30.0,11.0,1,1,0,4865.0,Tuxtla Gutiérrez
357,20209.0,22.0,10.0,1,0,0,5624.0,Morelia
358,18014.0,49.0,15.0,3,1,1,5019.0,San Luis Potosí
359,8189.0,27.0,13.0,1,1,0,1571.0,Hermosillo
360,9421.0,40.0,12.0,2,0,1,377.0,Veracruz
361,8722.0,55.0,6.0,1,1,1,2459.0,Cuernavaca
362,10070.0,31.0,11.0,6,1,0,1932.0,Chihuahua
363,6593.0,20.0,14.0,3,1,0,1566.0,Toluca
364,4038.0,53.0,9.0,1,0,0,580.0,León
365,10491.0,44.0,9.0,4,1,1,1938.0,La Paz
366,11646.0,37.0,12.0,3,1,1,2703.0,Ciudad de México
367,5950.0,36.0,10.0,3,1,0,1894.0,Tuxtla Gutiérrez
368,20815.0,46.0,10.0,4,1,1,3144.0,Tepic
369,13314.0,39.0,8.0,3,1,0,1953.0,Chilpancingo
370,9339.0,48.0,13.0,1,0,0,1515.0,San Luis Potosí
371,11796.0,54.0,10.0,2,0,1,2023.0,Tlaxcala
372,40733.0,50.0,5.0,3,1,0,10562.0,Toluca
373,6450.0,31.0,4.0,1,0,1,1838.0,Veracruz
374,4961.0,37.0,11.0,3,0,0,1287.0,Veracruz
375,25132.0,22.0,12.0,2,1,1,5886.0,Saltillo
376,9778.0,54.0,8.0,2,0,1,2439.0,Ciudad de México
377,12390.0,48.0,7.0,1,1,0,2041.0,Tuxtla Gutiérrez
378,17030.0,41.0,6.0,6,1,1,2445.0,Saltillo
379,22336.0,29.0,7.0,4,0,0,3518.0,Aguascalientes
380,25649.0,44.0,11.0,4,0,1,3031.0,Chilpancingo
381,14266.0,20.0,9.0,6,1,1,3667.0,León
382,6353.0,44.0,1.0,1,1,1,1221.0,San Luis Potosí
383,7107.0,57.0,7.0,3,1,0,2257.0,Cuernavaca
384,23076.0,43.0,11.0,2,1,1,6312.0,Mérida
385,22238.0,52.0,7.0,1,1,0,4516.0,Saltillo
386,22335.0,53.0,13.0,6,1,0,5627.0,Hermosillo
387,17468.0,43.0,9.0,2,1,0,1935.0,Aguascalientes
388,28041.0,32.0,7.0,2,0,1,6690.0,Villahermosa
389,7760.0,45.0,17.0,3,1,1,687.0,Campeche
390,12258.0,49.0,10.0,2,1,1,3138.0,Colima
391,20039.0,55.0,11.0,3,1,1,4486.0,Pachuca
392,8352.0,30.0,9.0,3,1,0,3014.0,Tuxtla Gutiérrez
393,8604.0,51.0,9.0,6,0,0,3179.0,Cuernavaca
394,13921.0,56.0,11.0,5,1,0,3793.0,Chilpancingo
395,4926.0,37.0,13.0,3,1,0,1961.0,Saltillo
396,4816.0,31.0,10.0,3,1,0,1006.0,Villahermosa
397,15644.0,50.0,10.0,2,0,0,3815.0,Tepic
398,9665.0,37.0,6.0,2,1,0,2103.0,Villahermosa
399,40418.0,43.0,10.0,5,0,1,14477.0,Aguascalientes
400,29562.0,40.0,15.0,4,1,0,6802.0,Chilpancingo
401,4039.0,29.0,15.0,1,1,0,1354.0,Puebla
402,9159.0,32.0,14.0,3,0,0,2761.0,Mérida
403,17201.0,38.0,10.0,5,1,0,4282.0,Tuxtla Gutiérrez
404,5263.0,48.0,7.0,2,1,1,1691.0,Reynosa
405,4316.0,28.0,6.0,2,0,0,1416.0,Saltillo
406,29451.0,40.0,8.0,2,1,0,6593.0,Hermosillo
407,16206.0,46.0,13.0,11,1,0,648.0,Tijuana
408,12116.0,39.0,10.0,5,1,1,2537.0,Colima
409,5854.0,48.0,15.0,6,0,0,2259.0,Durango
410,25097.0,44.0,19.0,6,0,0,6341.0,Tlaxcala
411,6622.0,38.0,15.0,4,0,0,764.0,San Luis Potosí
412,13700.0,48.0,14.0,3,0,0,6519.0,Ciudad de México
413,12299.0,31.0,18.0,4,0,0,3465.0,Mérida
414,10320.0,56.0,11.0,7,0,1,2011.0,Morelia
415,47625.0,29.0,14.0,1,1,0,2979.0,Cancún
416,6179.0,35.0,11.0,5,1,0,1065.0,San Luis Potosí
417,8871.0,25.0,7.0,2,0,0,1992.0,La Paz
418,4062.0,45.0,15.0,2,1,1,940.0,Oaxaca
419,3694.0,46.0,11.0,2,0,0,687.0,Zacatecas
420,4105.0,41.0,12.0,3,1,0,813.0,Tlaxcala
421,21249.0,48.0,11.0,3,1,0,4501.0,Guadalajara
422,11819.0,78.0,11.0,4,1,0,2808.0,Puebla
423,4833.0,37.0,4.0,4,1,0,1834.0,Puebla
424,3871.0,39.0,15.0,1,1,0,662.0,Villahermosa
425,6840.0,33.0,10.0,1,1,1,459.0,León
426,7293.0,53.0,3.0,4,1,1,2857.0,Durango
427,15237.0,60.0,16.0,8,1,0,3218.0,Ciudad de México
428,10854.0,29.0,6.0,6,1,0,3250.0,Ciudad de México
429,9057.0,25.0,9.0,1,1,1,3079.0,Tuxtla Gutiérrez
430,5351.0,39.0,17.0,4,1,1,1201.0,Tlaxcala
431,5001.0,26.0,10.0,5,1,0,1496.0,Cuernavaca
432,28974.0,33.0,12.0,2,1,0,7353.0,Tijuana
433,7961.0,52.0,9.0,2,1,0,2180.0,Querétaro
434,7917.0,35.0,16.0,3,1,0,1677.0,Querétaro
435,16673.0,41.0,2.0,7,1,0,2147.0,Villahermosa
436,20878.0,35.0,9.0,1,1,1,4570.0,Ciudad de México
437,5282.0,32.0,9.0,4,1,1,1819.0,Oaxaca
438,12001.0,34.0,8.0,6,1,1,1810.0,Tepic
439,5207.0,43.0,15.0,1,1,1,1340.0,Campeche
440,20059.0,34.0,12.0,5,1,1,5624.0,Villahermosa
441,31387.0,26.0,9.0,1,1,0,5961.0,Tlaxcala
442,43517.0,61.0,17.0,1,0,1,16179.0,Chihuahua
443,27686.0,20.0,13.0,9,1,0,5655.0,Morelia
444,16240.0,36.0,17.0,3,0,0,5108.0,Cancún
445,6957.0,47.0,11.0,1,1,1,1598.0,Colima
446,20542.0,21.0,5.0,2,1,0,5580.0,León
447,13763.0,53.0,15.0,1,1,0,3348.0,La Paz
448,5771.0,49.0,11.0,3,1,1,872.0,Villahermosa
449,58904.0,35.0,12.0,3,1,1,11585.0,La Paz
450,14189.0,34.0,9.0,5,1,0,6056.0,Colima
451,7280.0,38.0,13.0,2,1,1,1184.0,San Luis Potosí
452,15353.0,46.0,14.0,1,0,1,1975.0,Aguascalientes
453,5690.0,58.0,11.0,3,0,0,1591.0,Tuxtla Gutiérrez
454,4801.0,53.0,17.0,1,1,0,771.0,Aguascalientes
455,50931.0,54.0,7.0,6,1,1,14347.0,Durango
456,6178.0,44.0,14.0,1,0,0,944.0,Colima
457,10609.0,27.0,3.0,2,1,0,2171.0,Tlaxcala
458,18847.0,20.0,4.0,1,1,0,6105.0,La Paz
459,20730.0,27.0,7.0,4,1,0,8374.0,Monterrey
460,17367.0,45.0,10.0,6,1,0,3918.0,Tepic
461,9298.0,41.0,7.0,6,1,1,3276.0,Villahermosa
462,14266.0,58.0,12.0,1,1,1,2848.0,Tuxtla Gutiérrez
463,25280.0,30.0,13.0,3,1,1,5474.0,Pachuca
464,11278.0,36.0,3.0,6,1,0,2455.0,San Luis Potosí
465,14818.0,20.0,11.0,5,1,0,4642.0,Villahermosa
466,21001.0,31.0,11.0,6,1,1,7795.0,Chilpancingo
467,9807.0,30.0,11.0,5,0,0,997.0,Durango
468,4664.0,32.0,7.0,4,1,0,1165.0,La Paz
469,5742.0,51.0,7.0,4,1,0,1133.0,León
470,19608.0,41.0,5.0,5,0,0,2799.0,Durango
471,9425.0,43.0,12.0,1,1,1,1170.0,Monterrey
472,12666.0,53.0,13.0,5,1,0,507.0,La Paz
473,7969.0,35.0,16.0,4,1,1,1834.0,Tuxtla Gutiérrez
474,22815.0,62.0,6.0,1,0,0,5166.0,Colima
475,8530.0,35.0,13.0,4,1,0,1908.0,Toluca
476,6313.0,45.0,12.0,4,0,0,1929.0,Tuxtla Gutiérrez
477,6822.0,56.0,12.0,1,1,0,1692.0,Guadalajara
478,11205.0,35.0,6.0,6,1,0,2721.0,San Luis Potosí
479,10837.0,31.0,10.0,2,1,0,1829.0,La Paz
480,12682.0,57.0,6.0,2,1,0,4165.0,León
481,8951.0,62.0,11.0,3,1,1,1906.0,Mérida
482,8128.0,45.0,15.0,4,1,0,2261.0,Hermosillo
483,17754.0,38.0,14.0,7,1,0,3111.0,La Paz
484,3103.0,44.0,11.0,1,1,0,444.0,Ciudad de México
485,17386.0,44.0,14.0,1,1,1,3049.0,Guadalajara
486,13075.0,54.0,10.0,3,1,1,4491.0,León
487,14467.0,37.0,11.0,5,1,0,579.0,Culiacán
488,16973.0,36.0,7.0,1,1,1,7192.0,Cuernavaca
489,3901.0,45.0,14.0,3,1,1,1239.0,Hermosillo
490,33202.0,32.0,8.0,2,1,1,8192.0,Saltillo
491,14894.0,20.0,10.0,3,0,1,3139.0,Tuxtla Gutiérrez
492,8244.0,43.0,8.0,6,0,1,1265.0,Ciudad de México
493,7365.0,52.0,9.0,3,0,1,1611.0,Morelia
494,27954.0,29.0,10.0,5,1,0,6778.0,Hermosillo
495,15407.0,47.0,9.0,4,1,1,2917.0,La Paz
496,11091.0,32.0,11.0,5,0,1,4070.0,Pachuca
497,22011.0,34.0,7.0,6,1,0,7328.0,Villahermosa
498,19492.0,44.0,10.0,1,1,0,4450.0,Durango
499,12975.0,27.0,6.0,2,0,1,3693.0,Hermosillo
500,4727.0,47.0,8.0,3,1,0,1306.0,Saltillo
501,3699.0,38.0,16.0,8,1,0,1162.0,Tepic
502,18735.0,49.0,7.0,5,0,0,5711.0,Toluca
503,10540.0,44.0,18.0,3,1,0,1577.0,Puebla
504,8883.0,29.0,8.0,2,1,0,2359.0,Mérida
505,34722.0,50.0,16.0,4,1,1,6035.0,Morelia
506,9523.0,35.0,7.0,2,1,1,1883.0,Tijuana
507,26698.0,49.0,9.0,1,1,1,5347.0,Ciudad de México
508,11391.0,41.0,14.0,3,1,0,2385.0,Aguascalientes
509,7735.0,48.0,15.0,4,1,0,1989.0,Culiacán
510,8151.0,45.0,15.0,3,1,0,1101.0,Ciudad de México
511,13750.0,61.0,8.0,3,1,0,2779.0,Mérida
512,13497.0,36.0,8.0,1,1,0,2526.0,Villahermosa
513,7137.0,47.0,16.0,5,1,0,1709.0,León
514,5144.0,41.0,11.0,4,1,0,1226.0,Mérida
515,10283.0,75.0,14.0,3,1,0,3157.0,Mérida
516,48065.0,48.0,9.0,4,1,1,10446.0,Oaxaca
517,19330.0,34.0,12.0,5,1,1,4133.0,Veracruz
518,7877.0,43.0,13.0,4,0,0,2002.0,Tijuana
519,10727.0,32.0,8.0,2,1,0,1408.0,Chilpancingo
520,16490.0,48.0,19.0,5,1,0,4030.0,Villahermosa
521,28760.0,39.0,15.0,2,1,0,12426.0,Guadalajara
522,15173.0,21.0,12.0,4,1,1,6094.0,Zacatecas
523,22183.0,34.0,15.0,3,1,1,2784.0,Oaxaca
524,6893.0,38.0,13.0,3,1,0,2003.0,Puebla
525,11438.0,50.0,9.0,4,1,1,1849.0,Ciudad de México
526,7426.0,52.0,1.0,2,0,0,2003.0,La Paz
527,31001.0,53.0,5.0,2,1,0,6429.0,León
528,10458.0,22.0,10.0,2,0,1,1625.0,Zacatecas
529,24348.0,44.0,11.0,6,1,1,9770.0,San Luis Potosí
530,13491.0,55.0,11.0,5,0,0,3315.0,San Luis Potosí
531,8231.0,20.0,11.0,6,1,0,2915.0,Guadalajara
532,29027.0,57.0,11.0,1,1,1,3844.0,Zacatecas
533,6154.0,20.0,11.0,4,0,0,1094.0,La Paz
534,19347.0,56.0,12.0,4,0,0,6319.0,Puebla
535,20138.0,36.0,9.0,3,1,0,4257.0,Culiacán
536,30117.0,22.0,15.0,2,1,0,5556.0,Cuernavaca
537,20534.0,20.0,7.0,4,1,0,2724.0,Monterrey
538,23850.0,43.0,13.0,2,0,1,5010.0,Chihuahua
539,11775.0,35.0,13.0,3,1,0,4038.0,Cancún
540,19831.0,42.0,4.0,2,1,0,4996.0,Monterrey
541,19857.0,44.0,13.0,3,1,0,3435.0,Saltillo
542,24547.0,36.0,16.0,2,1,0,6036.0,Chilpancingo
543,13215.0,25.0,14.0,4,0,0,3348.0,Monterrey
544,9075.0,42.0,8.0,5,1,0,2575.0,Ciudad de México
545,5356.0,50.0,12.0,3,1,1,1421.0,Mérida
546,16461.0,34.0,14.0,5,1,0,6604.0,Chilpancingo
547,11762.0,43.0,9.0,4,0,0,1263.0,Tuxtla Gutiérrez
548,12477.0,39.0,11.0,5,1,1,1414.0,Guadalajara
549,6663.0,28.0,10.0,7,1,0,1769.0,Ciudad de México
550,21175.0,35.0,11.0,5,1,0,4589.0,Morelia
551,5648.0,48.0,19.0,5,1,1,1657.0,Villahermosa
552,5417.0,36.0,9.0,6,1,0,1497.0,Tijuana
553,18495.0,28.0,12.0,1,1,0,6732.0,Oaxaca
554,12116.0,20.0,16.0,5,0,0,2232.0,León
555,19484.0,29.0,11.0,1,1,1,6549.0,Tepic
556,9826.0,40.0,11.0,3,1,0,1700.0,Tlaxcala
557,21160.0,47.0,4.0,1,1,1,846.0,Veracruz
558,13064.0,45.0,2.0,5,0,0,1449.0,Cuernavaca
559,5649.0,44.0,4.0,5,1,0,1615.0,Durango
560,14154.0,20.0,5.0,8,1,0,881.0,Mérida
561,14596.0,42.0,17.0,1,1,0,3899.0,Culiacán
562,21719.0,25.0,11.0,2,1,0,6523.0,León
563,9029.0,54.0,9.0,1,1,0,2829.0,Guadalajara
564,14723.0,45.0,9.0,4,0,0,3596.0,Reynosa
565,6568.0,34.0,13.0,2,1,1,1854.0,Veracruz
566,2350.0,42.0,13.0,4,1,1,579.0,Zacatecas
567,14393.0,43.0,15.0,5,0,1,3833.0,Mérida
568,34197.0,66.0,15.0,3,0,0,5279.0,Querétaro
569,7653.0,57.0,7.0,1,1,1,1843.0,Puebla
570,2931.0,20.0,12.0,6,1,1,850.0,Saltillo
571,21978.0,66.0,15.0,4,0,1,5609.0,León
572,18438.0,43.0,9.0,5,1,1,4359.0,La Paz
573,14673.0,48.0,7.0,4,0,0,3505.0,Monterrey
574,4849.0,35.0,16.0,5,0,0,986.0,San Luis Potosí
575,5774.0,38.0,9.0,4,1,0,1785.0,León
576,11674.0,41.0,10.0,5,1,0,2257.0,Toluca
577,11916.0,38.0,14.0,3,1,1,3575.0,Oaxaca
578,10543.0,37.0,8.0,2,1,0,2544.0,Culiacán
579,12797.0,64.0,12.0,5,1,1,4094.0,Tepic
580,4808.0,53.0,11.0,2,1,0,1592.0,León
581,14955.0,43.0,15.0,2,0,1,3758.0,Veracruz
582,9758.0,64.0,9.0,6,1,1,3142.0,Reynosa
583,35132.0,31.0,11.0,3,1,1,11318.0,Tepic
584,18013.0,27.0,8.0,7,1,1,2752.0,Ciudad de México
585,6004.0,37.0,9.0,3,1,0,1647.0,Mérida
586,16383.0,61.0,15.0,1,0,1,1929.0,Cancún
587,7008.0,22.0,14.0,4,1,0,1552.0,Tlaxcala
588,6583.0,50.0,14.0,1,1,0,2339.0,Tuxtla Gutiérrez
589,6463.0,29.0,5.0,5,1,0,1835.0,Tijuana
590,15443.0,52.0,7.0,4,1,0,4337.0,Cuernavaca
591,25014.0,38.0,7.0,1,1,0,3198.0,Durango
592,7022.0,46.0,11.0,6,1,1,1455.0,Monterrey
593,15725.0,35.0,7.0,2,1,1,2999.0,La Paz
594,5821.0,49.0,6.0,1,1,0,1880.0,Campeche
595,9713.0,32.0,11.0,4,1,1,2441.0,Toluca
596,8962.0,43.0,10.0,5,1,1,621.0,Hermosillo
597,13637.0,20.0,7.0,7,1,0,3553.0,Tijuana
598,14042.0,39.0,14.0,2,1,0,2862.0,Pachuca
599,6077.0,48.0,13.0,4,1,0,517.0,Guadalajara
600,6923.0,62.0,10.0,6,1,1,2934.0,Durango
601,7299.0,29.0,4.0,1,1,0,907.0,León
602,7707.0,29.0,9.0,2,1,0,1533.0,Ciudad de México
603,13909.0,34.0,15.0,2,0,0,2717.0,Campeche
604,11430.0,37.0,10.0,2,1,0,2569.0,Ciudad de México
605,9347.0,43.0,14.0,8,1,0,2057.0,Morelia
606,10784.0,28.0,4.0,6,0,0,2059.0,Cancún
607,4765.0,48.0,7.0,3,1,0,664.0,Colima
608,12536.0,50.0,9.0,4,0,1,2822.0,Monterrey
609,33201.0,23.0,11.0,4,0,0,6785.0,Cancún
610,14456.0,68.0,7.0,3,1,1,5103.0,Monterrey
611,9263.0,33.0,15.0,3,1,0,2839.0,Culiacán
612,11697.0,46.0,9.0,3,1,0,3077.0,Veracruz
613,9087.0,62.0,9.0,3,1,0,809.0,Zacatecas
614,12510.0,40.0,13.0,5,1,1,1213.0,Aguascalientes
615,14435.0,70.0,11.0,2,1,1,3466.0,Tlaxcala
616,11758.0,54.0,4.0,4,0,0,2122.0,Colima
617,6651.0,28.0,13.0,7,1,0,1418.0,Villahermosa
618,15007.0,37.0,12.0,4,1,0,4836.0,Aguascalientes
619,16296.0,33.0,12.0,1,1,1,2756.0,Aguascalientes
620,21354.0,30.0,11.0,3,1,0,8770.0,Zacatecas
621,5178.0,37.0,4.0,7,0,1,1545.0,Colima
622,6638.0,33.0,10.0,4,1,0,2106.0,Mérida
623,31244.0,46.0,9.0,1,1,1,1250.0,Morelia
624,8858.0,40.0,15.0,1,1,1,1355.0,Reynosa
625,16873.0,36.0,8.0,3,1,1,2703.0,Zacatecas
626,9601.0,47.0,12.0,8,0,0,1673.0,Culiacán
627,58161.0,55.0,10.0,2,1,1,5129.0,Zacatecas
628,7290.0,41.0,11.0,5,1,0,978.0,Toluca
629,6820.0,38.0,11.0,6,1,1,2556.0,Tepic
630,25008.0,35.0,9.0,5,1,0,4067.0,Zacatecas
631,9792.0,31.0,9.0,2,0,0,3640.0,San Luis Potosí
632,50563.0,48.0,17.0,1,1,1,14746.0,Tuxtla Gutiérrez
633,17024.0,69.0,7.0,6,0,1,5635.0,Cancún
634,13919.0,37.0,13.0,1,1,1,4485.0,Chilpancingo
635,8242.0,39.0,5.0,4,1,0,3030.0,Pachuca
636,13700.0,51.0,7.0,2,1,0,4332.0,Aguascalientes
637,12064.0,44.0,8.0,2,1,1,2643.0,Puebla
638,33569.0,37.0,6.0,2,1,1,13772.0,Querétaro
639,9681.0,65.0,7.0,2,1,0,3108.0,Oaxaca
640,11314.0,43.0,17.0,2,1,0,453.0,Tuxtla Gutiérrez
641,13624.0,31.0,10.0,6,1,0,2268.0,Morelia
642,19347.0,21.0,7.0,3,1,0,5113.0,Hermosillo
643,7690.0,32.0,0.0,4,1,0,1205.0,Toluca
644,20992.0,32.0,17.0,5,1,1,2753.0,Querétaro
645,19412.0,46.0,11.0,2,0,0,5255.0,Tijuana
646,16429.0,34.0,11.0,4,1,0,3515.0,Aguascalientes
647,11714.0,43.0,14.0,6,1,0,4225.0,Oaxaca
648,15688.0,46.0,11.0,3,1,0,2999.0,Culiacán
649,29929.0,33.0,3.0,5,1,1,10222.0,Mérida
650,16774.0,38.0,4.0,7,1,0,7441.0,Pachuca
651,24380.0,41.0,12.0,3,0,1,7367.0,Durango
652,15697.0,58.0,11.0,7,1,0,3873.0,Hermosillo
653,5796.0,34.0,8.0,7,1,0,941.0,Aguascalientes
654,17161.0,62.0,4.0,5,0,0,4968.0,La Paz
655,6929.0,31.0,3.0,3,1,0,797.0,Tuxtla Gutiérrez
656,7735.0,44.0,12.0,7,1,1,2070.0,Tlaxcala
657,8772.0,49.0,14.0,5,1,0,2341.0,La Paz
658,9194.0,35.0,7.0,5,1,0,2986.0,Oaxaca
659,4778.0,20.0,11.0,3,0,0,827.0,Cuernavaca
660,6250.0,49.0,11.0,4,1,0,2161.0,León
661,8235.0,53.0,16.0,10,1,0,3104.0,Villahermosa
662,14266.0,34.0,5.0,3,1,0,4443.0,Tuxtla Gutiérrez
663,18278.0,46.0,11.0,5,1,1,4127.0,Colima
664,4388.0,53.0,8.0,2,1,0,984.0,Morelia
665,10006.0,49.0,12.0,2,1,0,1865.0,Campeche
666,7359.0,47.0,4.0,2,1,0,2118.0,Cancún
667,12928.0,51.0,16.0,2,1,1,3580.0,Aguascalientes
668,5825.0,34.0,12.0,3,1,1,888.0,Saltillo
669,13275.0,41.0,5.0,3,1,0,3940.0,Saltillo
670,9869.0,59.0,13.0,5,1,1,4005.0,Guadalajara
671,7234.0,48.0,8.0,3,1,1,2586.0,Campeche
672,10595.0,54.0,12.0,3,1,1,1666.0,Durango
673,27828.0,45.0,15.0,7,1,1,6431.0,Cancún
674,8061.0,51.0,17.0,3,1,1,1137.0,Puebla
675,12740.0,38.0,15.0,4,1,0,1101.0,La Paz
676,11379.0,35.0,9.0,1,1,0,2275.0,Tepic
677,33288.0,36.0,7.0,6,0,1,8533.0,Monterrey
678,7387.0,23.0,9.0,2,0,0,1680.0,San Luis Potosí
679,13573.0,57.0,11.0,3,1,1,1618.0,Aguascalientes
680,4405.0,29.0,8.0,5,1,0,1253.0,Mérida
681,31983.0,72.0,8.0,1,1,0,7147.0,Cancún
682,5811.0,52.0,4.0,4,1,0,1149.0,Hermosillo
683,38570.0,37.0,11.0,5,0,0,9896.0,León
684,5794.0,53.0,8.0,3,0,1,1395.0,Campeche
685,13483.0,38.0,12.0,7,0,0,3438.0,Tuxtla Gutiérrez
686,11526.0,35.0,18.0,2,1,1,3540.0,Tijuana
687,17048.0,29.0,12.0,2,1,0,3417.0,Monterrey
688,9878.0,46.0,13.0,3,1,0,2294.0,Oaxaca
689,21447.0,47.0,7.0,3,1,0,3403.0,Zacatecas
690,15205.0,52.0,12.0,1,0,0,4011.0,Monterrey
691,4567.0,20.0,4.0,4,0,0,1187.0,Chilpancingo
692,3642.0,58.0,14.0,2,0,0,930.0,San Luis Potosí
693,16397.0,34.0,12.0,4,0,0,3945.0,Oaxaca
694,6819.0,61.0,13.0,4,0,1,1412.0,Chilpancingo
695,6100.0,35.0,13.0,3,1,1,1975.0,Mérida
696,19501.0,37.0,12.0,4,0,1,6140.0,Chihuahua
697,6619.0,61.0,8.0,1,0,1,1543.0,Veracruz
698,19218.0,49.0,10.0,1,0,0,3449.0,Campeche
699,17162.0,75.0,15.0,8,1,0,5644.0,Oaxaca
700,4233.0,35.0,12.0,2,0,0,1110.0,Toluca
701,21218.0,63.0,12.0,4,1,0,7383.0,La Paz
702,7369.0,29.0,10.0,2,1,0,1804.0,Querétaro
703,21757.0,49.0,4.0,1,1,0,5865.0,Veracruz
704,5470.0,37.0,11.0,3,0,1,823.0,Tlaxcala
705,21837.0,51.0,7.0,2,1,0,5525.0,Chilpancingo
706,16979.0,50.0,12.0,1,1,1,2946.0,Zacatecas
707,30955.0,41.0,14.0,4,0,1,12208.0,Chilpancingo
708,10155.0,44.0,10.0,5,1,0,1854.0,Reynosa
709,19460.0,33.0,16.0,3,1,1,4934.0,Colima
710,6850.0,40.0,15.0,5,1,1,1590.0,Colima
711,9915.0,52.0,11.0,5,0,0,3561.0,Tuxtla Gutiérrez
712,32042.0,29.0,10.0,2,1,0,8870.0,Morelia
713,4527.0,42.0,7.0,2,1,0,1679.0,Veracruz
714,34534.0,36.0,10.0,3,1,1,1381.0,Zacatecas
715,4347.0,34.0,9.0,1,1,1,750.0,Mérida
716,21035.0,35.0,15.0,1,0,0,7866.0,Reynosa
717,13579.0,39.0,12.0,2,1,0,3807.0,Colima
718,6995.0,45.0,10.0,1,1,0,1910.0,Guadalajara
719,7429.0,22.0,11.0,3,1,0,2280.0,Tuxtla Gutiérrez
720,6834.0,56.0,10.0,6,1,0,1696.0,Mérida
721,5018.0,26.0,10.0,3,0,1,1236.0,Chihuahua
722,16319.0,43.0,5.0,1,1,0,5973.0,Monterrey
723,22694.0,20.0,13.0,8,1,0,7686.0,Durango
724,1438.0,29.0,11.0,2,1,0,137.0,La Paz
725,27043.0,27.0,10.0,2,1,1,8540.0,Querétaro
726,13640.0,50.0,15.0,3,1,0,2908.0,Colima
727,9307.0,40.0,14.0,2,0,1,1331.0,Puebla
728,19872.0,39.0,8.0,3,0,0,927.0,Veracruz
729,14067.0,42.0,10.0,4,1,0,3660.0,Colima
730,10861.0,26.0,12.0,6,1,0,3080.0,Cuernavaca
731,15850.0,56.0,13.0,1,1,1,1907.0,Tepic
732,6817.0,42.0,9.0,4,1,0,2280.0,Cuernavaca
733,12856.0,57.0,9.0,2,1,1,2845.0,Tijuana
734,11786.0,42.0,6.0,5,0,0,2576.0,Oaxaca
735,13354.0,38.0,13.0,4,1,1,6190.0,Tuxtla Gutiérrez
736,7692.0,54.0,10.0,2,0,0,2288.0,Tlaxcala
737,2854.0,44.0,14.0,2,1,0,728.0,Cuernavaca
738,10149.0,45.0,12.0,2,1,0,2946.0,Pachuca
739,6891.0,46.0,10.0,5,1,1,1307.0,Durango
740,16219.0,46.0,0.0,2,0,1,4511.0,Ciudad de México
741,16969.0,34.0,14.0,4,1,0,4918.0,León
742,17149.0,48.0,7.0,4,0,0,5418.0,Mérida
743,15923.0,41.0,14.0,1,0,0,4272.0,Tijuana
744,10403.0,49.0,9.0,3,1,1,2293.0,Puebla
745,15518.0,35.0,11.0,9,0,0,4255.0,Tijuana
746,8604.0,43.0,9.0,7,0,0,2501.0,Pachuca
747,14054.0,42.0,7.0,2,1,0,3623.0,Zacatecas
748,7722.0,39.0,8.0,7,1,1,1991.0,Durango
749,24616.0,33.0,18.0,3,1,0,7314.0,Aguascalientes
750,16126.0,45.0,7.0,3,0,1,2617.0,Reynosa
751,7293.0,30.0,14.0,1,1,1,1350.0,Reynosa
752,8235.0,65.0,12.0,2,1,0,1513.0,Tlaxcala
753,8590.0,43.0,9.0,1,1,0,2045.0,Puebla
754,11750.0,30.0,6.0,2,1,0,3903.0,Toluca
755,15229.0,45.0,13.0,4,1,0,3570.0,León
756,17646.0,49.0,7.0,1,0,1,6746.0,Campeche
757,11262.0,42.0,13.0,8,1,0,2155.0,Tuxtla Gutiérrez
758,6660.0,56.0,16.0,2,1,1,1506.0,Querétaro
759,5846.0,28.0,10.0,1,0,0,949.0,Morelia
760,9332.0,36.0,9.0,4,1,0,2804.0,Cancún
761,16242.0,33.0,11.0,5,1,0,3039.0,Campeche
762,1830.0,35.0,15.0,2,1,1,569.0,León
763,6495.0,42.0,11.0,4,0,0,2296.0,Toluca
764,11390.0,67.0,13.0,4,1,0,2973.0,Hermosillo
765,7434.0,42.0,11.0,3,0,0,1681.0,Chihuahua
766,20552.0,34.0,15.0,4,0,0,3803.0,Monterrey
767,16313.0,36.0,12.0,2,1,0,3104.0,Zacatecas
768,7362.0,44.0,10.0,4,1,0,2251.0,Tuxtla Gutiérrez
769,13518.0,35.0,9.0,6,1,1,1781.0,Tuxtla Gutiérrez
770,25739.0,30.0,9.0,3,1,0,8572.0,Monterrey
771,44882.0,36.0,7.0,1,1,0,11058.0,Querétaro
772,25456.0,45.0,13.0,5,1,0,7679.0,Hermosillo
773,13527.0,38.0,12.0,4,1,0,3795.0,Hermosillo
774,6382.0,45.0,14.0,2,1,0,2594.0,Campeche
775,9631.0,37.0,6.0,6,1,0,2331.0,Cancún
776,38472.0,53.0,9.0,2,1,0,9498.0,Chilpancingo
777,20180.0,23.0,10.0,4,1,1,5010.0,Chihuahua
778,20750.0,38.0,12.0,10,1,0,6622.0,Mérida
779,21550.0,20.0,11.0,3,0,0,4656.0,Monterrey
780,15271.0,53.0,15.0,7,1,0,2184.0,Veracruz
781,7237.0,28.0,7.0,2,0,1,1795.0,Colima
782,5458.0,55.0,5.0,2,1,0,1697.0,Villahermosa
783,36179.0,36.0,9.0,1,1,0,10564.0,Puebla
784,13979.0,34.0,5.0,4,1,0,4745.0,Tlaxcala
785,11735.0,60.0,15.0,2,0,0,1058.0,Culiacán
786,19145.0,41.0,6.0,1,0,0,2774.0,Cuernavaca
787,5122.0,44.0,12.0,4,0,0,1815.0,Morelia
788,32984.0,45.0,3.0,2,1,1,10263.0,Tijuana
789,8461.0,45.0,11.0,2,1,0,2138.0,Puebla
790,8336.0,52.0,17.0,6,0,0,2182.0,San Luis Potosí
791,10774.0,33.0,12.0,4,1,0,1560.0,Querétaro
792,21340.0,29.0,11.0,2,1,1,2325.0,Aguascalientes
793,14901.0,54.0,13.0,3,0,1,2930.0,Cancún
794,8940.0,47.0,15.0,6,0,0,2218.0,Colima
795,3027.0,40.0,4.0,5,1,0,758.0,Villahermosa
796,7022.0,37.0,11.0,6,0,0,2690.0,Reynosa
797,3435.0,22.0,5.0,2,1,0,1452.0,Morelia
798,6484.0,38.0,6.0,4,1,0,1701.0,Zacatecas
799,9651.0,49.0,9.0,3,1,0,1697.0,Saltillo
800,14291.0,47.0,12.0,5,1,0,1105.0,Tepic
801,29634.0,49.0,7.0,2,0,0,6767.0,Querétaro
802,7821.0,44.0,12.0,2,1,0,1874.0,Mérida
803,12584.0,39.0,9.0,2,0,1,1954.0,Saltillo
804,21926.0,43.0,11.0,4,0,0,4120.0,Chihuahua
805,3885.0,31.0,14.0,2,1,0,1027.0,Aguascalientes
806,10408.0,40.0,9.0,4,1,0,2817.0,Colima
807,3377.0,34.0,16.0,2,1,0,668.0,Culiacán
808,5836.0,54.0,11.0,3,0,0,1642.0,Mérida
809,15930.0,41.0,9.0,4,1,0,2443.0,Cuernavaca
810,13406.0,48.0,7.0,8,0,1,3237.0,Monterrey
811,6220.0,50.0,9.0,11,0,0,1663.0,Chilpancingo
812,8674.0,50.0,9.0,1,1,1,2804.0,Querétaro
813,4105.0,30.0,12.0,5,1,1,753.0,Chilpancingo
814,7563.0,48.0,10.0,4,1,0,1903.0,Querétaro
815,8175.0,55.0,14.0,4,0,1,2175.0,Monterrey
816,18356.0,42.0,7.0,4,1,1,4770.0,Toluca
817,18266.0,44.0,9.0,1,1,0,8816.0,Culiacán
818,6273.0,48.0,11.0,5,1,1,1501.0,Campeche
819,25012.0,37.0,7.0,4,0,1,4108.0,Chihuahua
820,8784.0,47.0,12.0,7,1,1,2031.0,Querétaro
821,14817.0,47.0,6.0,3,1,0,3727.0,Tijuana
822,11572.0,41.0,14.0,3,1,1,3335.0,Saltillo
823,5402.0,33.0,11.0,4,0,0,1252.0,Chihuahua
824,12711.0,27.0,16.0,1,0,1,3160.0,Mérida
825,9975.0,52.0,10.0,4,1,1,1113.0,Toluca
826,10050.0,60.0,8.0,5,1,0,2476.0,Villahermosa
827,14454.0,35.0,5.0,1,0,0,2892.0,Saltillo
828,5449.0,20.0,11.0,2,1,1,1296.0,Tijuana
829,4501.0,44.0,10.0,4,1,1,1628.0,Villahermosa
830,17680.0,30.0,11.0,4,0,1,3537.0,Zacatecas
831,9022.0,55.0,8.0,4,1,0,1909.0,Colima
832,5643.0,46.0,12.0,3,1,0,1540.0,Toluca
833,12969.0,61.0,16.0,5,1,1,3651.0,Guadalajara
834,3719.0,30.0,10.0,2,1,0,803.0,Zacatecas
835,9156.0,32.0,7.0,2,1,1,2959.0,Cuernavaca
836,50569.0,33.0,13.0,4,1,1,16247.0,Chilpancingo
837,23896.0,39.0,15.0,1,0,1,5154.0,Morelia
838,5838.0,20.0,6.0,4,1,0,1463.0,Culiacán
839,6069.0,35.0,7.0,5,1,1,1426.0,Mérida
840,11814.0,43.0,6.0,2,1,0,3336.0,Morelia
841,17613.0,29.0,11.0,3,1,0,4372.0,Ciudad de México
842,7758.0,43.0,6.0,4,1,0,2044.0,Aguascalientes
843,13744.0,62.0,3.0,3,1,0,3671.0,La Paz
844,6011.0,41.0,4.0,3,1,1,500.0,Campeche
845,10712.0,52.0,4.0,2,1,0,3390.0,Tlaxcala
846,12439.0,42.0,11.0,2,1,0,2960.0,Colima
847,7163.0,45.0,20.0,4,1,1,1794.0,Culiacán
848,10976.0,46.0,3.0,4,1,0,1993.0,Tijuana
849,8890.0,63.0,7.0,4,0,0,2469.0,Toluca
850,26164.0,39.0,13.0,3,1,1,5665.0,Chihuahua
851,6388.0,40.0,9.0,1,1,0,1691.0,Tepic
852,8233.0,43.0,13.0,2,1,0,1903.0,Morelia
853,17470.0,46.0,9.0,2,1,1,5012.0,Pachuca
854,14232.0,44.0,12.0,2,0,1,2282.0,Toluca
855,15424.0,31.0,11.0,1,1,0,4564.0,Tijuana
856,41361.0,55.0,14.0,5,1,1,12514.0,Ciudad de México
857,9674.0,32.0,8.0,6,1,1,2376.0,Querétaro
858,18916.0,50.0,12.0,3,1,1,5682.0,La Paz
859,13807.0,47.0,10.0,2,1,0,1116.0,Monterrey
860,16169.0,29.0,17.0,6,1,1,3085.0,Veracruz
861,13204.0,48.0,13.0,1,1,1,1986.0,Monterrey
862,11274.0,48.0,12.0,3,1,1,3967.0,Querétaro
863,10054.0,50.0,13.0,5,1,1,2417.0,Chilpancingo
864,10471.0,34.0,13.0,5,0,1,3539.0,Tlaxcala
865,8830.0,37.0,15.0,6,1,1,1839.0,Puebla
866,12032.0,45.0,11.0,1,1,1,2732.0,Culiacán
867,15138.0,44.0,17.0,2,0,1,4844.0,Campeche
868,8823.0,41.0,10.0,1,1,1,2624.0,Tuxtla Gutiérrez
869,19426.0,41.0,13.0,4,1,0,7444.0,Cancún
870,14444.0,52.0,8.0,5,1,1,3666.0,Mérida
871,5166.0,35.0,13.0,3,1,1,1990.0,Reynosa
872,31153.0,35.0,9.0,3,0,0,4833.0,Cancún
873,4432.0,54.0,11.0,3,1,0,1169.0,Hermosillo
874,5528.0,55.0,9.0,3,1,0,1573.0,Chihuahua
875,22289.0,45.0,6.0,2,1,1,1568.0,Tepic
876,7285.0,35.0,9.0,6,1,0,1466.0,Saltillo
877,23743.0,41.0,13.0,1,1,1,4158.0,Culiacán
878,21462.0,47.0,12.0,4,1,1,7680.0,Cancún
879,14586.0,36.0,10.0,9,1,0,2067.0,Tepic
880,19042.0,78.0,11.0,3,1,1,6468.0,Guadalajara
881,17452.0,37.0,15.0,2,1,1,2428.0,Cuernavaca
882,14785.0,38.0,13.0,1,0,1,3372.0,Chihuahua
883,5665.0,37.0,11.0,5,1,0,1090.0,Monterrey
884,12939.0,40.0,13.0,3,1,1,2476.0,Mérida
885,9827.0,45.0,12.0,1,1,0,2639.0,Campeche
886,25433.0,29.0,19.0,4,1,0,11902.0,Guadalajara
887,9576.0,52.0,13.0,3,0,1,1739.0,Aguascalientes
888,16291.0,22.0,10.0,1,1,1,2740.0,Monterrey
889,51651.0,25.0,9.0,5,1,1,11467.0,Aguascalientes
890,9140.0,34.0,17.0,4,1,0,3401.0,Durango
891,8213.0,36.0,8.0,2,1,0,1777.0,Cancún
892,29995.0,31.0,8.0,1,1,1,6464.0,Oaxaca
893,9365.0,24.0,10.0,3,1,1,2977.0,San Luis Potosí
894,15002.0,35.0,11.0,4,1,1,5501.0,Hermosillo
895,10269.0,39.0,13.0,2,0,0,1719.0,Morelia
896,6379.0,41.0,10.0,3,1,0,2157.0,Chilpancingo
897,17791.0,54.0,4.0,2,1,0,3532.0,Tijuana
898,18740.0,45.0,3.0,3,0,0,4596.0,Villahermosa
899,5910.0,41.0,10.0,3,1,0,1042.0,Zacatecas
900,12488.0,41.0,9.0,5,1,0,1812.0,Ciudad de México
901,15399.0,21.0,12.0,3,0,0,3851.0,Chilpancingo
902,17637.0,48.0,13.0,2,0,0,4726.0,Mérida
903,12441.0,32.0,10.0,9,1,0,3493.0,La Paz
904,14771.0,46.0,9.0,1,1,0,4196.0,Tlaxcala
905,10465.0,20.0,14.0,1,1,0,3167.0,Chihuahua
906,12351.0,46.0,9.0,3,1,0,3898.0,La Paz
907,8696.0,20.0,15.0,3,1,0,3309.0,Puebla
908,30717.0,32.0,18.0,2,1,1,5012.0,Tepic
909,20175.0,48.0,11.0,1,1,1,4532.0,Chilpancingo
910,15306.0,29.0,9.0,3,1,0,2243.0,Colima
911,6810.0,51.0,10.0,4,1,1,1731.0,Tepic
912,17824.0,57.0,9.0,4,1,1,5709.0,La Paz
913,10810.0,20.0,13.0,2,1,1,2441.0,Guadalajara
914,7144.0,49.0,13.0,5,1,0,2440.0,Aguascalientes
915,17735.0,27.0,12.0,1,1,0,2585.0,Tepic
916,15504.0,52.0,6.0,4,1,0,4269.0,Tijuana
917,11580.0,49.0,6.0,7,0,0,3638.0,Villahermosa
918,10686.0,56.0,9.0,4,1,1,1289.0,León
919,12862.0,24.0,12.0,3,1,1,745.0,Monterrey
920,13426.0,50.0,16.0,2,0,0,3636.0,Culiacán
921,42503.0,35.0,2.0,1,1,0,4377.0,Morelia
922,10897.0,53.0,3.0,4,1,0,2683.0,Veracruz
923,9832.0,34.0,11.0,4,1,1,2696.0,Morelia
924,7354.0,22.0,10.0,6,1,1,1787.0,Campeche
925,7190.0,36.0,9.0,1,0,0,2042.0,Morelia
926,18987.0,38.0,6.0,2,1,0,3158.0,Monterrey
927,10640.0,48.0,10.0,3,1,1,2004.0,Veracruz
928,29212.0,36.0,13.0,4,0,1,8896.0,Saltillo
929,33458.0,60.0,8.0,2,1,0,3960.0,Chihuahua
930,11992.0,39.0,7.0,3,1,0,3313.0,Cancún
931,14233.0,52.0,14.0,1,1,0,5327.0,Colima
932,15040.0,41.0,8.0,6,1,0,6140.0,Veracruz
933,15392.0,44.0,5.0,4,1,0,4040.0,Tuxtla Gutiérrez
934,16696.0,41.0,10.0,4,1,1,5057.0,Cuernavaca
935,4424.0,56.0,11.0,2,1,0,1370.0,Campeche
936,21151.0,44.0,7.0,3,0,0,3895.0,Zacatecas
937,12314.0,37.0,6.0,5,1,0,3963.0,Villahermosa
938,3884.0,32.0,9.0,1,1,0,1046.0,Ciudad de México
939,14195.0,20.0,12.0,2,1,0,3258.0,Monterrey
940,20279.0,56.0,8.0,7,1,0,3896.0,Cuernavaca
941,16421.0,45.0,7.0,4,1,0,5495.0,Tepic
942,13744.0,34.0,13.0,4,1,1,3587.0,Ciudad de México
943,43116.0,20.0,4.0,2,1,1,4414.0,Morelia
944,3801.0,34.0,19.0,5,1,0,616.0,Tijuana
945,5322.0,39.0,10.0,2,1,0,928.0,Hermosillo
946,6047.0,47.0,16.0,4,1,1,1091.0,Reynosa
947,3305.0,34.0,7.0,1,1,1,566.0,Zacatecas
948,14125.0,27.0,7.0,2,1,0,3888.0,Cancún
949,7164.0,55.0,13.0,5,1,0,1991.0,Culiacán
950,10856.0,71.0,8.0,5,1,1,3236.0,Villahermosa
951,6102.0,41.0,20.0,5,1,0,1826.0,Campeche
952,6033.0,36.0,16.0,5,1,0,473.0,Oaxaca
953,1456.0,57.0,9.0,1,1,0,501.0,Cancún
954,5055.0,40.0,9.0,7,1,1,1528.0,Villahermosa
955,11619.0,49.0,4.0,4,1,0,3354.0,Cuernavaca
956,6981.0,41.0,14.0,2,1,1,2125.0,Colima
957,2841.0,37.0,11.0,4,0,0,838.0,Morelia
958,26347.0,36.0,11.0,3,1,0,3543.0,Aguascalientes
959,4334.0,37.0,13.0,7,1,0,1239.0,Villahermosa
960,17164.0,52.0,15.0,3,1,1,4717.0,Oaxaca
961,7711.0,49.0,10.0,4,1,0,2064.0,León
962,13431.0,61.0,9.0,4,1,1,3322.0,La Paz
963,12380.0,46.0,11.0,3,0,0,3948.0,Puebla
964,17984.0,20.0,7.0,2,1,0,4712.0,Cuernavaca
965,32940.0,39.0,1.0,4,1,1,6517.0,San Luis Potosí
966,20115.0,43.0,13.0,5,1,1,7196.0,Saltillo
967,7165.0,51.0,11.0,4,1,1,1890.0,Oaxaca
968,6960.0,56.0,10.0,5,1,1,2302.0,Aguascalientes
969,4930.0,28.0,11.0,3,1,1,627.0,Culiacán
970,8911.0,44.0,6.0,5,1,0,2273.0,Pachuca
971,26274.0,41.0,13.0,3,0,1,6502.0,Pachuca
972,8795.0,21.0,10.0,5,1,0,2451.0,Cancún
973,10907.0,65.0,8.0,3,1,1,2508.0,Tlaxcala
974,10290.0,44.0,13.0,11,1,0,3490.0,Oaxaca
975,5527.0,38.0,11.0,1,1,0,987.0,San Luis Potosí
976,10513.0,43.0,11.0,3,1,1,2418.0,San Luis Potosí
977,11366.0,34.0,13.0,4,0,1,2147.0,Durango
978,15665.0,48.0,9.0,5,1,0,1799.0,Guadalajara
979,8398.0,41.0,7.0,2,1,0,1652.0,Reynosa
980,10387.0,38.0,13.0,4,1,0,2039.0,Chihuahua
981,13393.0,57.0,12.0,4,1,1,2253.0,Cuernavaca
982,8211.0,43.0,5.0,7,0,0,781.0,Tlaxcala
983,16457.0,50.0,10.0,1,1,0,4210.0,Mérida
984,31332.0,44.0,10.0,5,1,0,9931.0,Cancún
985,18660.0,42.0,20.0,1,1,1,3672.0,Morelia
986,6314.0,24.0,10.0,4,1,0,1467.0,Guadalajara
987,6621.0,59.0,16.0,4,1,1,1537.0,Ciudad de México
988,7525.0,30.0,9.0,3,1,1,1082.0,Tuxtla Gutiérrez
989,10742.0,38.0,16.0,4,1,1,2166.0,Toluca
990,8564.0,28.0,13.0,1,1,1,3294.0,Zacatecas
991,10222.0,44.0,13.0,4,1,1,1434.0,Cancún
992,15256.0,63.0,9.0,2,1,1,2948.0,Villahermosa
993,8036.0,57.0,13.0,6,0,0,2244.0,Pachuca
994,26752.0,24.0,9.0,3,1,1,6790.0,Guadalajara
995,12753.0,32.0,13.0,5,1,0,3194.0,Hermosillo
996,13033.0,29.0,14.0,2,0,1,3710.0,Tuxtla Gutiérrez
997,8634.0,41.0,13.0,4,1,1,1239.0,Villahermosa
998,20156.0,56.0,7.0,2,1,1,5486.0,Veracruz
999,26630.0,47.0,7.0,1,1,1,3410.0,Chilpancingo
1000,32421.0,44.0,13.0,5,0,1,6066.0,Colima
1001,7860.0,28.0,3.0,3,1,0,1229.0,Tijuana
1002,1522.0,32.0,11.0,2,0,0,230.0,Durango
1003,5573.0,45.0,8.0,1,1,0,1204.0,Tlaxcala
1004,8419.0,36.0,12.0,1,1,1,2553.0,Toluca
1005,6339.0,38.0,5.0,3,1,0,1852.0,Villahermosa
1006,6588.0,59.0,16.0,5,1,0,1793.0,Morelia
1007,11468.0,37.0,16.0,2,1,0,2607.0,Toluca
1008,18370.0,54.0,11.0,1,1,1,1161.0,Guadalajara
1009,8688.0,20.0,15.0,3,1,0,1895.0,Oaxaca
1010,32458.0,33.0,13.0,4,1,1,7030.0,Ciudad de México
1011,14085.0,57.0,10.0,5,1,1,5196.0,Mérida
1012,5435.0,31.0,10.0,2,1,0,1631.0,Campeche
1013,9568.0,61.0,13.0,3,1,0,3436.0,Guadalajara
1014,9304.0,43.0,9.0,3,1,1,2858.0,Campeche
1015,12646.0,51.0,11.0,1,1,0,1290.0,Colima
1016,26318.0,20.0,14.0,4,1,1,5085.0,Querétaro
1017,14716.0,51.0,12.0,2,1,1,2781.0,Morelia
1018,5135.0,40.0,10.0,4,1,1,1604.0,Puebla
1019,35726.0,67.0,16.0,4,1,0,11007.0,Cuernavaca
1020,10386.0,34.0,13.0,4,1,0,1589.0,Pachuca
1021,4788.0,56.0,7.0,2,1,0,1088.0,Tlaxcala
1022,4350.0,44.0,9.0,3,1,1,1105.0,Zacatecas
1023,6167.0,24.0,1.0,2,1,0,1839.0,Culiacán
1024,13488.0,57.0,4.0,5,1,0,3855.0,Durango
1025,14877.0,46.0,8.0,5,1,0,3381.0,Zacatecas
1026,12877.0,20.0,10.0,2,1,1,4982.0,Reynosa
1027,12501.0,41.0,8.0,4,1,0,2847.0,Monterrey
1028,5492.0,67.0,7.0,2,0,1,1174.0,La Paz
1029,3849.0,40.0,11.0,1,1,0,689.0,León
1030,4275.0,35.0,8.0,6,1,1,1333.0,Hermosillo
1031,28929.0,26.0,9.0,5,1,0,11077.0,Durango
1032,14970.0,29.0,9.0,4,1,0,4819.0,Ciudad de México
1033,5901.0,38.0,8.0,2,1,0,2004.0,Cancún
1034,36430.0,41.0,11.0,1,1,1,10162.0,Tlaxcala
1035,10693.0,31.0,17.0,3,1,0,3395.0,Cuernavaca
1036,12856.0,37.0,11.0,7,0,0,3206.0,Chihuahua
1037,32940.0,56.0,7.0,4,1,0,3870.0,Campeche
1038,8590.0,55.0,8.0,3,1,0,1904.0,Saltillo
1039,7500.0,63.0,8.0,1,1,0,2624.0,Cuernavaca
1040,6440.0,36.0,14.0,1,1,1,1876.0,Hermosillo
1041,11470.0,40.0,13.0,2,1,0,3578.0,Durango
1042,10359.0,46.0,2.0,7,0,0,3272.0,Veracruz
1043,16577.0,38.0,5.0,4,0,0,4751.0,Hermosillo
1044,3987.0,49.0,8.0,1,1,1,1072.0,Colima
1045,39659.0,20.0,11.0,4,1,1,8583.0,Colima
1046,3052.0,26.0,10.0,2,1,0,527.0,Guadalajara
1047,5094.0,42.0,14.0,6,1,0,920.0,Durango
1048,18712.0,20.0,10.0,1,1,0,3028.0,Tijuana
1049,9457.0,20.0,16.0,6,0,1,1929.0,Campeche
1050,15371.0,31.0,11.0,3,1,0,4342.0,Tijuana
1051,2300.0,61.0,9.0,7,1,0,689.0,Querétaro
1052,2711.0,22.0,10.0,2,1,0,605.0,Monterrey
1053,12417.0,40.0,10.0,2,0,1,4867.0,Tijuana
1054,7407.0,26.0,13.0,2,0,0,2894.0,Villahermosa
1055,32461.0,56.0,6.0,5,1,0,9350.0,Tlaxcala
1056,6283.0,35.0,11.0,5,1,1,2010.0,Culiacán
1057,6989.0,20.0,13.0,3,1,1,893.0,Culiacán
1058,11961.0,47.0,9.0,7,1,0,1192.0,Oaxaca
1059,9012.0,20.0,7.0,10,1,0,1542.0,Zacatecas
1060,13397.0,64.0,11.0,2,1,0,4298.0,Durango
1061,17894.0,61.0,13.0,1,1,0,4074.0,Toluca
1062,15373.0,20.0,10.0,3,1,1,4260.0,Aguascalientes
1063,17311.0,47.0,15.0,5,1,1,7076.0,Cancún
1064,22751.0,44.0,12.0,1,0,1,4716.0,Oaxaca
1065,15048.0,49.0,9.0,4,1,1,3218.0,Monterrey
1066,12494.0,40.0,13.0,3,1,0,2060.0,Veracruz
1067,2469.0,37.0,7.0,4,1,1,585.0,Tuxtla Gutiérrez
1068,7501.0,38.0,7.0,1,1,0,1498.0,Villahermosa
1069,16798.0,45.0,9.0,4,1,1,3776.0,San Luis Potosí
1070,9995.0,20.0,4.0,3,0,0,1974.0,Ciudad de México
1071,12059.0,44.0,10.0,2,1,0,2638.0,Toluca
1072,11524.0,28.0,13.0,4,1,0,3683.0,Guadalajara
1073,20507.0,50.0,5.0,3,1,1,5526.0,Veracruz
1074,6683.0,39.0,10.0,2,0,0,1190.0,Oaxaca
1075,9298.0,37.0,8.0,3,1,0,1510.0,Cuernavaca
1076,40341.0,28.0,14.0,1,0,0,5148.0,Saltillo
1077,13582.0,27.0,5.0,4,1,1,4251.0,Saltillo
1078,6017.0,43.0,8.0,2,0,0,861.0,Oaxaca
1079,11390.0,35.0,8.0,4,1,0,2307.0,La Paz
1080,23300.0,20.0,8.0,1,1,0,7607.0,Cuernavaca
1081,12343.0,47.0,12.0,4,1,0,3279.0,Morelia
1082,16146.0,30.0,10.0,4,1,0,4698.0,Querétaro
1083,35899.0,54.0,0.0,3,0,0,8155.0,Tepic
1084,14365.0,38.0,11.0,7,1,0,4070.0,Hermosillo
1085,72933.0,52.0,9.0,3,1,0,22927.0,Culiacán
1086,6295.0,35.0,14.0,2,1,1,1677.0,Villahermosa
1087,11725.0,21.0,4.0,1,1,1,3210.0,Tijuana
1088,29141.0,39.0,7.0,4,0,1,7305.0,Toluca
1089,6851.0,35.0,9.0,3,1,1,1344.0,Colima
1090,35700.0,52.0,17.0,1,1,1,12279.0,Reynosa
1091,18470.0,29.0,7.0,9,1,0,4420.0,Culiacán
1092,27775.0,59.0,10.0,9,1,1,8787.0,Durango
1093,15661.0,32.0,12.0,2,1,0,4133.0,Colima
1094,17165.0,45.0,12.0,3,1,1,5287.0,Campeche
1095,3092.0,33.0,6.0,1,1,0,1037.0,Aguascalientes
1096,41428.0,67.0,3.0,2,1,0,11774.0,Guadalajara
1097,7912.0,41.0,13.0,3,1,0,2162.0,La Paz
1098,12890.0,33.0,15.0,3,0,0,1859.0,La Paz
1099,18521.0,46.0,13.0,11,0,1,3772.0,Tijuana
1100,5029.0,39.0,11.0,1,1,1,1093.0,Mérida
1101,23268.0,42.0,5.0,5,1,0,7631.0,Tuxtla Gutiérrez
1102,7696.0,64.0,15.0,3,0,0,1276.0,Villahermosa
1103,7585.0,52.0,13.0,7,1,0,1795.0,Saltillo
1104,12380.0,43.0,11.0,5,1,0,2658.0,Aguascalientes
1105,6046.0,54.0,9.0,1,1,0,309.0,Colima
1106,13504.0,46.0,10.0,5,1,0,3358.0,Oaxaca
1107,10787.0,23.0,13.0,5,1,0,3134.0,Villahermosa
1108,7981.0,51.0,14.0,3,1,0,2169.0,Tijuana
1109,13696.0,51.0,11.0,5,1,1,4045.0,Campeche
1110,31145.0,47.0,10.0,3,1,1,8549.0,Aguascalientes
1111,13274.0,35.0,11.0,1,0,0,5192.0,Zacatecas
1112,26963.0,58.0,6.0,6,0,0,7382.0,Tuxtla Gutiérrez
1113,17944.0,54.0,6.0,2,1,1,4491.0,Morelia
1114,7187.0,31.0,15.0,8,1,0,2127.0,Chihuahua
1115,9472.0,63.0,17.0,6,1,0,2807.0,Mérida
1116,33958.0,44.0,10.0,2,1,0,13388.0,Colima
1117,48738.0,41.0,13.0,5,1,1,4201.0,Tepic
1118,13241.0,34.0,8.0,4,1,1,3827.0,Tuxtla Gutiérrez
1119,26133.0,40.0,8.0,3,1,0,6959.0,Puebla
1120,5143.0,46.0,12.0,4,0,1,1255.0,Tlaxcala
1121,3711.0,39.0,9.0,6,1,0,1069.0,Zacatecas
1122,7983.0,24.0,10.0,2,1,1,2299.0,Oaxaca
1123,5510.0,55.0,5.0,2,1,0,1660.0,Veracruz
1124,9391.0,20.0,11.0,4,1,1,1430.0,Monterrey
1125,30156.0,48.0,10.0,2,1,1,5120.0,San Luis Potosí
1126,10077.0,37.0,13.0,1,1,0,2701.0,Morelia
1127,4507.0,28.0,15.0,3,1,0,1035.0,Aguascalientes
1128,11094.0,47.0,10.0,3,1,0,2810.0,Zacatecas
1129,20579.0,32.0,3.0,3,1,0,3771.0,Mérida
1130,12466.0,42.0,15.0,4,1,0,1854.0,Guadalajara
1131,8494.0,66.0,7.0,2,1,1,3212.0,San Luis Potosí
1132,15626.0,36.0,6.0,1,1,0,3440.0,Ciudad de México
1133,23843.0,48.0,14.0,2,1,1,5101.0,Saltillo
1134,8624.0,41.0,8.0,2,1,0,2366.0,San Luis Potosí
1135,16276.0,41.0,11.0,3,0,0,4567.0,Aguascalientes
1136,12167.0,35.0,12.0,5,1,0,1743.0,Tlaxcala
1137,13945.0,37.0,7.0,3,1,0,4600.0,Colima
1138,10605.0,45.0,19.0,3,1,0,3215.0,Toluca
1139,22335.0,29.0,6.0,2,1,1,3150.0,Campeche
1140,16597.0,33.0,13.0,4,1,1,4351.0,Campeche
1141,6254.0,52.0,13.0,4,0,0,1393.0,Mérida
1142,10822.0,67.0,9.0,7,1,0,2991.0,Tepic
1143,12607.0,32.0,13.0,5,1,0,4218.0,Guadalajara
1144,8823.0,36.0,9.0,5,1,0,2422.0,Mérida
1145,4934.0,42.0,11.0,4,1,0,820.0,Tijuana
1146,17014.0,55.0,15.0,4,1,0,2355.0,Villahermosa
1147,30250.0,67.0,8.0,1,0,0,4695.0,Campeche
1148,10447.0,44.0,13.0,4,0,0,2408.0,Colima
1149,13953.0,38.0,11.0,4,0,1,3717.0,San Luis Potosí
1150,7247.0,39.0,11.0,3,1,1,2009.0,Monterrey
1151,11380.0,34.0,9.0,5,1,0,1357.0,Puebla
1152,43906.0,37.0,11.0,1,1,0,15206.0,Aguascalientes
1153,2395.0,35.0,17.0,5,1,0,677.0,Chilpancingo
1154,14007.0,53.0,9.0,4,0,0,3854.0,Monterrey
1155,12736.0,44.0,8.0,8,1,0,3510.0,Puebla
1156,5076.0,49.0,8.0,6,0,0,924.0,Toluca
1157,4249.0,47.0,9.0,3,1,0,1043.0,Aguascalientes
1158,23233.0,41.0,10.0,2,0,1,4238.0,Tepic
1159,15246.0,20.0,8.0,4,0,0,3407.0,Mérida
1160,6459.0,43.0,11.0,4,1,0,1006.0,Tijuana
1161,18341.0,40.0,17.0,6,1,0,4477.0,Cuernavaca
1162,28799.0,45.0,8.0,2,1,1,6430.0,Tepic
1163,18019.0,20.0,4.0,1,1,1,5255.0,Hermosillo
1164,20333.0,51.0,13.0,3,0,0,7670.0,Saltillo
1165,14971.0,28.0,10.0,5,1,0,2649.0,Tepic
1166,8809.0,50.0,12.0,3,1,0,2272.0,La Paz
1167,8355.0,38.0,8.0,5,1,0,3213.0,Guadalajara
1168,12516.0,40.0,8.0,1,1,0,2389.0,Monterrey
1169,13004.0,46.0,7.0,6,0,1,3844.0,Guadalajara
1170,3104.0,57.0,15.0,1,1,1,580.0,Tlaxcala
1171,22588.0,30.0,14.0,3,1,0,5920.0,Chilpancingo
1172,13092.0,37.0,1.0,5,0,0,3133.0,Cancún
1173,22767.0,58.0,11.0,4,1,1,4692.0,Tuxtla Gutiérrez
1174,5446.0,46.0,4.0,4,1,1,1499.0,La Paz
1175,11695.0,47.0,14.0,1,1,1,2909.0,Tlaxcala
1176,6571.0,43.0,17.0,3,1,1,841.0,Guadalajara
1177,9111.0,44.0,9.0,4,0,0,2270.0,Colima
1178,5990.0,43.0,16.0,2,1,1,1635.0,Aguascalientes
1179,17091.0,65.0,14.0,9,1,1,5655.0,Veracruz
1180,10391.0,51.0,12.0,3,1,1,5556.0,Chilpancingo
1181,10241.0,28.0,10.0,5,0,1,4100.0,Puebla
1182,21403.0,43.0,8.0,1,0,0,4279.0,Durango
1183,19186.0,51.0,9.0,9,1,0,3494.0,Campeche
1184,10113.0,40.0,12.0,5,1,0,1811.0,Guadalajara
1185,8842.0,49.0,12.0,2,0,0,942.0,Toluca
1186,6107.0,64.0,14.0,8,1,1,1440.0,Villahermosa
1187,6133.0,41.0,15.0,2,1,1,1473.0,Mérida
1188,5189.0,56.0,16.0,3,1,1,1386.0,Toluca
1189,28106.0,48.0,9.0,2,1,1,3285.0,Tlaxcala
1190,19330.0,52.0,10.0,4,1,1,5687.0,Tepic
1191,4827.0,43.0,6.0,2,0,0,1477.0,Chihuahua
1192,20768.0,32.0,4.0,1,1,0,4632.0,Villahermosa
1193,6413.0,30.0,5.0,3,0,1,1020.0,Chilpancingo
1194,15514.0,49.0,12.0,3,1,0,5709.0,Tijuana
1195,11313.0,38.0,6.0,1,1,0,3967.0,Durango
1196,28058.0,47.0,11.0,3,0,1,6430.0,Cuernavaca
1197,10093.0,40.0,11.0,7,1,0,2401.0,Colima
1198,11380.0,38.0,7.0,4,0,0,2290.0,Aguascalientes
1199,16027.0,59.0,9.0,3,0,1,4475.0,Chilpancingo
1200,4050.0,26.0,10.0,1,1,1,1151.0,Puebla
1201,7319.0,38.0,10.0,2,1,0,1471.0,San Luis Potosí
1202,6579.0,41.0,14.0,4,1,1,1402.0,Oaxaca
1203,6725.0,31.0,8.0,5,1,0,1724.0,Tijuana
1204,17852.0,34.0,9.0,6,1,0,4705.0,Durango
1205,10644.0,63.0,13.0,3,1,0,2028.0,Ciudad de México
1206,7509.0,38.0,13.0,1,0,1,2102.0,Tijuana
1207,14714.0,65.0,10.0,3,1,0,4357.0,Querétaro
1208,10313.0,56.0,14.0,4,1,0,526.0,Tijuana
1209,11743.0,46.0,11.0,4,1,0,1547.0,Tuxtla Gutiérrez
1210,12942.0,49.0,13.0,2,0,1,3429.0,Tijuana
1211,8410.0,32.0,16.0,3,0,1,2650.0,Chilpancingo
1212,8914.0,30.0,13.0,3,1,1,1029.0,Hermosillo
1213,7527.0,35.0,7.0,2,1,0,1394.0,Tuxtla Gutiérrez
1214,22053.0,25.0,14.0,4,1,1,2544.0,Cuernavaca
1215,8259.0,55.0,12.0,3,1,0,2252.0,Ciudad de México
1216,10164.0,43.0,10.0,4,0,0,3569.0,Tuxtla Gutiérrez
1217,27836.0,39.0,9.0,6,1,1,7992.0,Saltillo
1218,10325.0,34.0,9.0,4,1,1,4098.0,Cuernavaca
1219,9777.0,57.0,8.0,2,1,0,3611.0,Durango
1220,6287.0,53.0,8.0,3,0,1,1354.0,Monterrey
1221,33750.0,49.0,11.0,3,1,1,12987.0,La Paz
1222,4778.0,60.0,14.0,4,1,0,191.0,Tlaxcala
1223,6210.0,27.0,15.0,4,1,1,2213.0,Hermosillo
1224,30396.0,40.0,17.0,3,1,1,9432.0,Veracruz
1225,16834.0,44.0,9.0,4,0,0,1407.0,Saltillo
1226,15583.0,56.0,12.0,8,0,0,623.0,Morelia
1227,20482.0,57.0,9.0,4,0,0,3114.0,Saltillo
1228,8684.0,21.0,7.0,4,0,0,2304.0,Saltillo
1229,21346.0,20.0,11.0,3,1,0,4884.0,Chihuahua
1230,19427.0,48.0,6.0,3,1,0,5583.0,Cuernavaca
1231,9158.0,20.0,11.0,2,0,1,1925.0,Cancún
1232,10764.0,42.0,17.0,2,0,1,1948.0,Colima
1233,7839.0,39.0,7.0,3,1,0,1455.0,Tlaxcala
1234,24461.0,45.0,3.0,4,1,1,4879.0,Durango
1235,15360.0,36.0,7.0,5,1,0,2687.0,Veracruz
1236,9273.0,24.0,12.0,5,1,1,3071.0,Chilpancingo
1237,13841.0,34.0,13.0,2,1,0,2243.0,Cancún
1238,5154.0,50.0,9.0,5,1,0,782.0,Oaxaca
1239,16766.0,31.0,12.0,3,1,0,4132.0,Tuxtla Gutiérrez
1240,9041.0,24.0,7.0,2,0,1,1925.0,La Paz
1241,25323.0,21.0,11.0,7,0,0,5708.0,Veracruz
1242,3933.0,36.0,8.0,4,1,0,1096.0,Tuxtla Gutiérrez
1243,9742.0,57.0,10.0,1,1,0,3462.0,Querétaro
1244,9909.0,42.0,11.0,1,0,1,2727.0,Colima
1245,8562.0,31.0,9.0,4,0,0,2121.0,Cancún
1246,28099.0,49.0,11.0,8,1,1,6763.0,Chihuahua
1247,12654.0,40.0,8.0,3,0,1,3378.0,Culiacán
1248,17430.0,39.0,7.0,3,1,1,1649.0,Cuernavaca
1249,9407.0,23.0,9.0,4,0,1,2272.0,Guadalajara
1250,5431.0,49.0,14.0,2,1,0,1084.0,Mérida
1251,5745.0,33.0,11.0,5,1,0,1689.0,Cancún
1252,7831.0,20.0,14.0,2,1,1,1725.0,León
1253,16475.0,67.0,12.0,1,1,0,1621.0,Tlaxcala
1254,8977.0,46.0,10.0,1,1,0,2351.0,Saltillo
1255,7476.0,53.0,12.0,6,0,0,1243.0,Veracruz
1256,15849.0,66.0,14.0,2,1,0,3502.0,Colima
1257,15281.0,38.0,9.0,3,1,1,2952.0,Reynosa
1258,15113.0,25.0,9.0,3,1,0,4163.0,Mérida
1259,10645.0,55.0,9.0,4,0,0,2788.0,La Paz
1260,19023.0,44.0,10.0,3,0,1,7959.0,Tepic
1261,9732.0,39.0,16.0,2,1,0,3061.0,Zacatecas
1262,7946.0,29.0,7.0,7,1,0,1820.0,Tijuana
1263,8062.0,27.0,6.0,1,1,0,1539.0,Tlaxcala
1264,19757.0,61.0,17.0,2,1,0,2545.0,Morelia
1265,7013.0,49.0,7.0,5,0,1,1189.0,Pachuca
1266,28265.0,43.0,10.0,2,1,0,6037.0,Morelia
1267,7323.0,40.0,3.0,2,1,0,1423.0,Villahermosa
1268,14706.0,50.0,12.0,5,0,1,3792.0,León
1269,12167.0,52.0,9.0,5,1,0,2968.0,Guadalajara
1270,4879.0,26.0,12.0,4,1,0,850.0,La Paz
1271,26557.0,28.0,8.0,4,1,0,7230.0,San Luis Potosí
1272,19827.0,32.0,20.0,5,0,1,4840.0,La Paz
1273,49300.0,59.0,13.0,7,0,0,13320.0,Durango
1274,10653.0,44.0,15.0,5,1,0,1958.0,Morelia
1275,6020.0,52.0,13.0,3,1,1,1976.0,Saltillo
1276,14406.0,20.0,3.0,4,0,1,2971.0,Puebla
1277,8162.0,53.0,15.0,2,1,0,1563.0,San Luis Potosí
1278,46707.0,46.0,8.0,5,1,1,12357.0,Monterrey
1279,22432.0,41.0,8.0,3,1,1,7024.0,Querétaro
1280,15059.0,72.0,12.0,4,0,1,2319.0,Aguascalientes
1281,11452.0,29.0,8.0,3,1,0,3542.0,Chihuahua
1282,28177.0,46.0,11.0,4,1,1,7522.0,Chihuahua
1283,10377.0,26.0,10.0,3,1,1,2961.0,Tuxtla Gutiérrez
1284,6501.0,30.0,14.0,5,1,1,692.0,Tijuana
1285,2443.0,37.0,14.0,4,1,0,475.0,Zacatecas
1286,13249.0,50.0,14.0,3,1,0,5078.0,Chilpancingo
1287,11347.0,20.0,15.0,1,1,0,1799.0,Campeche
1288,26251.0,52.0,13.0,3,1,0,7812.0,Tepic
1289,4647.0,44.0,14.0,6,1,0,1991.0,Pachuca
1290,13021.0,27.0,9.0,2,1,0,4707.0,Tepic
1291,12640.0,37.0,13.0,2,1,0,4721.0,Pachuca
1292,6147.0,25.0,12.0,3,1,1,2723.0,Campeche
1293,8225.0,38.0,9.0,6,0,0,2630.0,Mérida
1294,39705.0,33.0,12.0,3,1,0,13194.0,Saltillo
1295,4562.0,50.0,10.0,4,0,0,962.0,Morelia
1296,31837.0,64.0,7.0,4,0,0,5478.0,Cancún
1297,26608.0,20.0,14.0,3,1,1,9499.0,Monterrey
1298,7939.0,52.0,10.0,8,0,0,1877.0,Campeche
1299,32409.0,40.0,7.0,4,1,0,10767.0,Villahermosa
1300,11011.0,50.0,13.0,3,1,0,2485.0,Puebla
1301,36640.0,44.0,9.0,4,0,1,5575.0,Durango
1302,9394.0,57.0,12.0,2,1,0,2673.0,Querétaro
1303,16450.0,24.0,4.0,2,1,0,5056.0,Guadalajara
1304,3338.0,36.0,15.0,5,1,1,668.0,Zacatecas
1305,14059.0,49.0,14.0,1,1,0,2333.0,Tuxtla Gutiérrez
1306,9554.0,34.0,13.0,3,1,1,3192.0,Reynosa
1307,11261.0,59.0,7.0,4,1,0,2743.0,Culiacán
1308,7064.0,62.0,12.0,1,1,1,1387.0,Saltillo
1309,40726.0,30.0,11.0,2,1,1,13474.0,Cuernavaca
1310,8557.0,44.0,10.0,3,1,0,2634.0,Villahermosa
1311,31420.0,43.0,5.0,5,0,1,2598.0,Villahermosa
1312,10169.0,26.0,11.0,3,1,1,1282.0,Monterrey
1313,10674.0,44.0,4.0,1,1,1,1551.0,Mérida
1314,18822.0,30.0,10.0,5,0,1,4995.0,Campeche
1315,15705.0,55.0,13.0,2,1,0,3490.0,Cuernavaca
1316,18749.0,37.0,5.0,4,1,0,5454.0,Pachuca
1317,3767.0,57.0,12.0,1,1,0,604.0,Toluca
1318,28841.0,27.0,4.0,2,1,0,4308.0,Hermosillo
1319,16357.0,37.0,14.0,4,1,0,5482.0,Chilpancingo
1320,32517.0,47.0,13.0,1,0,1,2786.0,Saltillo
1321,7851.0,41.0,22.0,5,1,0,1304.0,Tijuana
1322,21687.0,41.0,12.0,1,1,1,9471.0,León
1323,26233.0,46.0,11.0,2,1,0,7326.0,Campeche
1324,15678.0,49.0,11.0,2,0,0,2445.0,Cancún
1325,17397.0,49.0,3.0,1,1,1,5528.0,Chilpancingo
1326,7262.0,47.0,13.0,3,1,1,1774.0,León
1327,25259.0,47.0,3.0,6,1,1,4079.0,Puebla
1328,18092.0,36.0,11.0,1,1,1,4879.0,Culiacán
1329,12582.0,44.0,0.0,3,0,0,1943.0,Monterrey
1330,7694.0,48.0,10.0,4,1,0,2755.0,Colima
1331,28454.0,52.0,10.0,2,0,0,9112.0,Puebla
1332,34535.0,24.0,14.0,5,1,0,8657.0,Monterrey
1333,14718.0,36.0,15.0,4,1,0,3480.0,Tijuana
1334,12534.0,24.0,13.0,5,1,1,3502.0,Tijuana
1335,6831.0,36.0,10.0,1,1,0,1112.0,Pachuca
1336,8321.0,38.0,3.0,7,0,0,2980.0,Guadalajara
1337,3847.0,29.0,7.0,6,1,0,976.0,Pachuca
1338,7288.0,58.0,9.0,4,1,0,1844.0,Cancún
1339,5770.0,47.0,13.0,2,1,1,1378.0,Chihuahua
1340,11882.0,55.0,10.0,2,0,1,2276.0,La Paz
1341,4691.0,56.0,7.0,5,1,0,1464.0,Hermosillo
1342,5914.0,31.0,8.0,6,1,0,1137.0,Chilpancingo
1343,16103.0,39.0,13.0,7,1,0,5864.0,Guadalajara
1344,3831.0,35.0,12.0,2,0,0,630.0,Chilpancingo
1345,21556.0,32.0,7.0,4,1,1,4860.0,Chilpancingo
1346,4649.0,48.0,17.0,7,1,1,1378.0,Culiacán
1347,5965.0,20.0,9.0,4,1,0,1990.0,Veracruz
1348,8013.0,38.0,15.0,3,1,1,2060.0,Culiacán
1349,18379.0,34.0,9.0,5,1,0,2793.0,Tuxtla Gutiérrez
1350,6195.0,41.0,13.0,3,0,0,1764.0,Querétaro
1351,9713.0,56.0,7.0,1,1,0,1336.0,La Paz
1352,5953.0,41.0,13.0,5,1,0,1762.0,Aguascalientes
1353,27907.0,42.0,19.0,4,1,1,6108.0,Durango
1354,2524.0,28.0,12.0,3,1,0,751.0,Monterrey
1355,7316.0,36.0,7.0,3,1,0,2103.0,Cuernavaca
1356,21166.0,44.0,8.0,6,1,0,7299.0,Aguascalientes
1357,14324.0,37.0,14.0,3,1,1,3047.0,Veracruz
1358,6694.0,46.0,12.0,2,1,0,1717.0,Chilpancingo
1359,15884.0,44.0,6.0,5,1,1,4373.0,Morelia
1360,10540.0,31.0,15.0,2,1,1,1068.0,Monterrey
1361,10760.0,39.0,14.0,4,0,1,2415.0,Campeche
1362,23214.0,57.0,9.0,1,1,0,4307.0,Morelia
1363,5337.0,20.0,11.0,4,1,0,1661.0,San Luis Potosí
1364,26814.0,50.0,7.0,7,0,0,7065.0,San Luis Potosí
1365,17830.0,47.0,12.0,1,1,1,5782.0,Ciudad de México
1366,13679.0,35.0,11.0,5,1,0,3644.0,Cancún
1367,6638.0,50.0,13.0,5,1,0,1294.0,Tlaxcala
1368,28255.0,45.0,8.0,1,1,0,5386.0,Tuxtla Gutiérrez
1369,30912.0,34.0,10.0,5,0,0,12709.0,Aguascalientes
1370,9723.0,20.0,15.0,4,0,1,2948.0,Morelia
1371,15597.0,43.0,14.0,4,1,1,624.0,Veracruz
1372,14190.0,62.0,11.0,4,1,1,3012.0,Cancún
1373,10363.0,21.0,11.0,2,1,1,1530.0,Zacatecas
1374,7393.0,61.0,10.0,2,1,1,2672.0,Monterrey
1375,21328.0,60.0,9.0,5,1,0,9062.0,La Paz
1376,7847.0,49.0,10.0,5,0,0,1737.0,Tlaxcala
1377,23655.0,59.0,10.0,2,0,0,9287.0,Reynosa
1378,14147.0,41.0,13.0,4,1,0,2969.0,Cuernavaca
1379,24098.0,46.0,12.0,2,1,0,4546.0,Tijuana
1380,4523.0,35.0,12.0,2,1,1,831.0,Chilpancingo
1381,3425.0,20.0,19.0,3,0,1,1105.0,San Luis Potosí
1382,7653.0,21.0,3.0,3,1,0,1855.0,León
1383,12304.0,48.0,4.0,4,1,0,3152.0,Tijuana
1384,11990.0,42.0,11.0,1,1,1,3116.0,Monterrey
1385,6085.0,33.0,15.0,3,1,0,1353.0,San Luis Potosí
1386,25444.0,33.0,11.0,4,1,1,9229.0,Saltillo
1387,10628.0,62.0,6.0,5,1,0,1902.0,Chihuahua
1388,12330.0,51.0,17.0,3,1,1,2787.0,Morelia
1389,9960.0,39.0,13.0,5,0,0,2549.0,Chihuahua
1390,24543.0,53.0,8.0,9,0,1,2921.0,Hermosillo
1391,25127.0,48.0,14.0,2,1,0,8065.0,Culiacán
1392,20260.0,55.0,10.0,3,1,1,3926.0,Cuernavaca
1393,18660.0,53.0,10.0,4,1,1,1646.0,Tlaxcala
1394,5668.0,47.0,11.0,3,0,0,931.0,Reynosa
1395,23447.0,48.0,12.0,4,1,1,4561.0,Cancún
1396,13512.0,43.0,9.0,3,1,0,3460.0,Morelia
1397,8396.0,43.0,8.0,1,1,0,2239.0,Colima
1398,7516.0,35.0,11.0,2,1,0,1753.0,Puebla
1399,4370.0,64.0,11.0,1,0,0,1070.0,Ciudad de México
1400,12424.0,33.0,8.0,3,0,0,3261.0,Chihuahua
1401,29603.0,36.0,9.0,2,0,0,3808.0,Saltillo
1402,6645.0,58.0,13.0,2,1,0,2236.0,Pachuca
1403,6816.0,52.0,14.0,5,0,0,1350.0,Cuernavaca
1404,11329.0,28.0,10.0,7,1,1,3408.0,Chihuahua
1405,1098.0,49.0,12.0,2,0,0,153.0,Tijuana
1406,3077.0,34.0,15.0,1,0,0,356.0,Oaxaca
1407,10175.0,48.0,10.0,3,1,0,2696.0,Chihuahua
1408,12413.0,38.0,10.0,5,1,1,2440.0,Culiacán
1409,16272.0,43.0,11.0,3,1,1,4029.0,Pachuca
1410,23903.0,28.0,10.0,2,1,1,4698.0,Guadalajara
1411,6925.0,51.0,13.0,5,1,0,1418.0,Ciudad de México
1412,5089.0,50.0,12.0,3,1,0,1163.0,Oaxaca
1413,10243.0,32.0,14.0,3,0,1,1091.0,Querétaro
1414,13965.0,48.0,8.0,7,1,0,2376.0,Chilpancingo
1415,10738.0,42.0,9.0,1,1,0,1905.0,Cancún
1416,15044.0,75.0,14.0,2,0,0,3276.0,Hermosillo
1417,5351.0,66.0,12.0,6,1,1,604.0,Ciudad de México
1418,19733.0,61.0,8.0,4,1,0,6843.0,Tuxtla Gutiérrez
1419,20403.0,39.0,7.0,2,1,0,3690.0,La Paz
1420,8528.0,54.0,11.0,4,1,0,2265.0,Veracruz
1421,4533.0,37.0,10.0,7,0,0,1256.0,Veracruz
1422,5214.0,48.0,14.0,2,1,0,893.0,Cancún
1423,22130.0,51.0,7.0,3,0,1,8840.0,San Luis Potosí
1424,16923.0,44.0,14.0,1,1,1,3329.0,Cuernavaca
1425,29886.0,43.0,8.0,4,1,0,3781.0,Pachuca
1426,12880.0,44.0,13.0,5,1,1,3520.0,Oaxaca
1427,34569.0,39.0,5.0,3,0,0,10454.0,Chilpancingo
1428,14708.0,27.0,7.0,5,1,0,3150.0,Campeche
1429,6234.0,38.0,16.0,5,1,1,1127.0,Chihuahua
1430,3619.0,28.0,10.0,4,0,1,680.0,Campeche
1431,10818.0,44.0,12.0,5,1,1,3039.0,Tijuana
1432,7619.0,59.0,14.0,1,1,0,769.0,Durango
1433,3974.0,38.0,11.0,3,1,0,726.0,Tepic
1434,10921.0,29.0,14.0,1,1,1,1984.0,Saltillo
1435,13882.0,50.0,7.0,4,1,0,1966.0,Cancún
1436,12623.0,41.0,12.0,4,1,1,3762.0,Cuernavaca
1437,7154.0,32.0,9.0,4,1,1,421.0,Puebla
1438,10850.0,44.0,14.0,3,1,0,2975.0,Campeche
1439,6005.0,40.0,9.0,2,1,0,1215.0,Pachuca
1440,32400.0,53.0,11.0,3,0,0,11535.0,León
1441,15699.0,38.0,10.0,2,1,1,2553.0,Ciudad de México
1442,12869.0,48.0,7.0,8,1,0,3673.0,San Luis Potosí
1443,30213.0,42.0,13.0,5,1,1,6429.0,Tuxtla Gutiérrez
1444,24762.0,49.0,5.0,1,1,0,7257.0,Tlaxcala
1445,4830.0,40.0,13.0,6,1,0,914.0,Cuernavaca
1446,6421.0,20.0,3.0,1,1,0,1405.0,Durango
1447,4069.0,51.0,16.0,2,1,0,1503.0,Cuernavaca
1448,8374.0,24.0,12.0,4,1,0,2345.0,Villahermosa
1449,9774.0,37.0,12.0,1,0,0,2862.0,León
1450,10721.0,52.0,21.0,2,0,1,1830.0,Mérida
1451,3374.0,20.0,12.0,2,1,1,835.0,Tijuana
1452,33948.0,38.0,7.0,3,1,1,1358.0,Tijuana
1453,16384.0,31.0,19.0,5,1,1,1046.0,Hermosillo
1454,16379.0,29.0,9.0,1,1,0,2601.0,Tijuana
1455,8505.0,32.0,10.0,3,1,0,1794.0,Monterrey
1456,13481.0,59.0,9.0,4,1,0,3984.0,Oaxaca
1457,33625.0,37.0,9.0,4,0,1,5126.0,Durango
1458,16439.0,51.0,14.0,5,1,1,2572.0,Veracruz
1459,11090.0,25.0,14.0,3,0,0,1329.0,Guadalajara
1460,8087.0,40.0,13.0,2,1,0,1573.0,Villahermosa
1461,17696.0,34.0,6.0,5,1,0,2583.0,Colima
1462,24594.0,42.0,13.0,1,0,1,3194.0,Toluca
1463,7272.0,34.0,6.0,2,1,0,2065.0,Zacatecas
1464,20402.0,39.0,13.0,4,1,1,4677.0,La Paz
1465,14999.0,29.0,9.0,5,0,0,4925.0,Guadalajara
1466,8993.0,45.0,10.0,1,1,1,893.0,Toluca
1467,19393.0,38.0,6.0,1,1,0,5756.0,Zacatecas
1468,16567.0,40.0,10.0,3,1,1,4158.0,Villahermosa
1469,7689.0,29.0,5.0,4,1,0,1529.0,Pachuca
1470,8374.0,57.0,10.0,4,1,0,2304.0,Veracruz
1471,19188.0,37.0,8.0,2,1,0,5409.0,Morelia
1472,11983.0,44.0,12.0,4,1,1,2686.0,Zacatecas
1473,8402.0,45.0,7.0,4,1,0,2532.0,Morelia
1474,23250.0,35.0,12.0,6,1,1,9300.0,Colima
1475,13944.0,37.0,7.0,4,0,1,4255.0,Puebla
1476,18307.0,36.0,18.0,3,1,1,6513.0,Oaxaca
1477,9949.0,58.0,9.0,5,1,1,2979.0,Oaxaca
1478,45214.0,44.0,14.0,5,1,1,13063.0,Oaxaca
1479,11312.0,43.0,13.0,4,1,0,1269.0,Tijuana
1480,13648.0,42.0,19.0,4,1,1,2862.0,La Paz
1481,10734.0,28.0,15.0,3,0,1,2402.0,Tepic
1482,15294.0,38.0,11.0,4,0,1,3488.0,Pachuca
1483,11547.0,48.0,22.0,3,0,0,2826.0,Hermosillo
1484,8187.0,57.0,7.0,2,1,0,833.0,Pachuca
1485,21176.0,41.0,8.0,5,1,1,2384.0,Reynosa
1486,42422.0,49.0,15.0,5,1,1,19022.0,Cuernavaca
1487,17939.0,20.0,10.0,2,1,0,4117.0,Villahermosa
1488,5644.0,30.0,8.0,5,1,0,1635.0,Tijuana
1489,15487.0,45.0,9.0,1,1,1,2814.0,Cuernavaca
1490,13499.0,31.0,11.0,4,1,1,2349.0,Colima
1491,12825.0,23.0,11.0,3,1,1,2263.0,Monterrey
1492,11231.0,44.0,9.0,4,0,0,3730.0,León
1493,15883.0,39.0,13.0,1,1,1,3288.0,Hermosillo
1494,8117.0,48.0,11.0,3,1,1,2657.0,Tuxtla Gutiérrez
1495,25790.0,42.0,9.0,4,1,1,1830.0,Pachuca
1496,38124.0,49.0,0.0,3,0,1,8944.0,San Luis Potosí
1497,6004.0,25.0,15.0,4,1,0,1032.0,Ciudad de México
1498,6462.0,55.0,10.0,3,1,1,1834.0,Hermosillo
1499,7340.0,61.0,8.0,2,0,1,2216.0,Zacatecas
1500,4646.0,20.0,12.0,3,1,0,921.0,Colima
1501,17890.0,33.0,8.0,5,0,0,4427.0,Mérida
1502,2423.0,59.0,4.0,1,1,0,530.0,La Paz
1503,31343.0,57.0,11.0,6,1,0,6910.0,Guadalajara
1504,8137.0,34.0,10.0,5,1,0,2204.0,Puebla
1505,7659.0,51.0,11.0,6,1,0,1880.0,Villahermosa
1506,12367.0,50.0,8.0,3,1,1,3569.0,León
1507,13933.0,27.0,17.0,4,0,0,3539.0,Morelia
1508,10322.0,54.0,20.0,4,1,0,3141.0,La Paz
1509,9563.0,47.0,10.0,7,1,0,2078.0,Chilpancingo
1510,9607.0,54.0,6.0,3,1,1,1335.0,Villahermosa
1511,5549.0,23.0,9.0,1,1,1,1754.0,La Paz
1512,25289.0,36.0,7.0,2,1,0,5819.0,Veracruz
1513,6831.0,25.0,9.0,5,1,0,1575.0,Puebla
1514,7614.0,57.0,11.0,5,1,0,2206.0,Zacatecas
1515,30495.0,52.0,10.0,3,1,0,7337.0,Colima
1516,3021.0,44.0,12.0,3,1,1,835.0,Pachuca
1517,4823.0,20.0,9.0,4,1,0,425.0,Toluca
1518,23903.0,44.0,8.0,3,1,1,7583.0,Puebla
1519,3934.0,68.0,13.0,1,1,1,833.0,Tepic
1520,6300.0,37.0,15.0,2,1,0,1725.0,Guadalajara
1521,11161.0,37.0,3.0,3,1,1,2180.0,Colima
1522,5834.0,33.0,18.0,4,1,0,1140.0,Mérida
1523,9536.0,47.0,18.0,7,1,1,2801.0,La Paz
1524,9976.0,40.0,10.0,3,1,1,2780.0,Mérida
1525,9656.0,43.0,10.0,2,1,1,2651.0,Ciudad de México
1526,6688.0,56.0,12.0,5,1,1,2216.0,Ciudad de México
1527,12036.0,46.0,8.0,6,1,0,2511.0,Culiacán
1528,12667.0,30.0,8.0,5,1,1,2631.0,Campeche
1529,18799.0,53.0,10.0,5,1,0,4000.0,Aguascalientes
1530,11180.0,66.0,16.0,2,1,1,3094.0,León
1531,20809.0,35.0,6.0,5,1,1,8443.0,Tijuana
1532,10167.0,54.0,15.0,2,1,0,2135.0,León
1533,9726.0,31.0,7.0,6,1,0,1667.0,Campeche
1534,6903.0,27.0,16.0,5,1,0,2183.0,Colima
1535,10706.0,37.0,9.0,4,1,1,2493.0,Hermosillo
1536,8850.0,36.0,5.0,4,1,0,1805.0,Ciudad de México
1537,9294.0,26.0,14.0,2,1,1,839.0,Saltillo
1538,7273.0,54.0,11.0,2,0,0,1197.0,Reynosa
1539,3329.0,35.0,6.0,5,1,0,829.0,Zacatecas
1540,7173.0,46.0,13.0,1,1,1,2315.0,Hermosillo
1541,8421.0,40.0,11.0,4,1,0,2421.0,Monterrey
1542,36948.0,42.0,12.0,4,1,1,13115.0,Tepic
1543,19830.0,42.0,14.0,5,1,1,4898.0,Pachuca
1544,5227.0,20.0,5.0,4,0,0,1438.0,Reynosa
1545,9780.0,39.0,11.0,3,1,0,2368.0,Querétaro
1546,13476.0,44.0,18.0,2,0,1,3903.0,La Paz
1547,9895.0,45.0,15.0,5,0,0,2642.0,Tuxtla Gutiérrez
1548,23880.0,63.0,7.0,6,1,1,5281.0,Colima
1549,6030.0,26.0,22.0,6,0,0,1107.0,Tlaxcala
1550,3517.0,30.0,15.0,5,1,1,683.0,Tuxtla Gutiérrez
1551,18898.0,34.0,7.0,3,0,1,4259.0,Guadalajara
1552,5527.0,60.0,10.0,2,1,0,1358.0,Campeche
1553,21197.0,58.0,12.0,2,0,1,7916.0,Chilpancingo
1554,9800.0,47.0,19.0,4,1,0,1961.0,Toluca
1555,7309.0,28.0,16.0,5,0,1,2101.0,Hermosillo
1556,8971.0,27.0,10.0,3,1,0,2083.0,Monterrey
1557,5707.0,44.0,8.0,3,1,0,1208.0,Pachuca
1558,10893.0,34.0,15.0,6,1,0,4281.0,Mérida
1559,11311.0,39.0,6.0,2,1,1,2138.0,Campeche
1560,9986.0,35.0,13.0,1,1,1,1663.0,Tuxtla Gutiérrez
1561,23517.0,47.0,12.0,3,1,0,7599.0,Ciudad de México
1562,22837.0,20.0,6.0,3,1,0,8796.0,Tuxtla Gutiérrez
1563,13006.0,45.0,8.0,6,1,0,3253.0,Cuernavaca
1564,10979.0,46.0,8.0,1,1,1,2615.0,León
1565,12238.0,32.0,16.0,2,1,0,1827.0,Durango
1566,6102.0,33.0,15.0,4,0,0,1376.0,Puebla
1567,31409.0,43.0,14.0,5,1,1,6036.0,Campeche
1568,16715.0,45.0,13.0,6,1,1,3474.0,Campeche
1569,10084.0,55.0,5.0,4,1,1,2995.0,Morelia
1570,32243.0,24.0,13.0,4,1,0,5692.0,Mérida
1571,6600.0,38.0,14.0,3,1,0,2744.0,Monterrey
1572,7061.0,23.0,10.0,2,1,0,2043.0,San Luis Potosí
1573,6049.0,28.0,8.0,4,1,1,1144.0,Pachuca
1574,5930.0,20.0,13.0,5,1,0,875.0,Chilpancingo
1575,2716.0,27.0,14.0,1,1,0,483.0,Puebla
1576,6406.0,44.0,18.0,2,1,0,1335.0,Pachuca
1577,4333.0,27.0,14.0,6,0,0,965.0,Morelia
1578,18218.0,41.0,10.0,3,1,0,4984.0,Aguascalientes
1579,37674.0,51.0,10.0,5,1,1,11149.0,Monterrey
1580,18123.0,25.0,9.0,2,1,1,4295.0,Campeche
1581,28165.0,44.0,14.0,5,1,1,7039.0,Culiacán
1582,63564.0,28.0,10.0,3,1,0,25021.0,Villahermosa
1583,8999.0,42.0,12.0,5,1,1,3130.0,Mérida
1584,3157.0,21.0,7.0,4,1,0,868.0,Mérida
1585,3146.0,51.0,15.0,2,0,0,594.0,Saltillo
1586,3305.0,61.0,13.0,3,1,0,614.0,Hermosillo
1587,6009.0,63.0,13.0,5,1,1,1227.0,Durango
1588,12824.0,46.0,16.0,6,1,0,3491.0,Cuernavaca
1589,11682.0,47.0,9.0,4,1,1,2314.0,Zacatecas
1590,26014.0,50.0,7.0,1,1,0,5734.0,Saltillo
1591,4674.0,47.0,12.0,2,1,1,1187.0,Tlaxcala
1592,13634.0,32.0,13.0,2,0,1,1409.0,Ciudad de México
1593,7867.0,49.0,11.0,5,1,0,2959.0,Monterrey
1594,10419.0,20.0,11.0,5,1,0,1673.0,Toluca
1595,2037.0,44.0,11.0,1,1,0,452.0,Veracruz
1596,9732.0,20.0,6.0,3,1,0,763.0,Cuernavaca
1597,21150.0,39.0,11.0,10,1,0,3770.0,Cancún
1598,10704.0,20.0,10.0,2,1,0,2964.0,Chilpancingo
1599,5699.0,20.0,9.0,1,0,0,1571.0,Puebla
1600,11709.0,39.0,13.0,6,0,1,3965.0,Chilpancingo
1601,17328.0,38.0,16.0,1,1,1,4940.0,Tepic
1602,4541.0,58.0,14.0,1,1,0,1827.0,Cuernavaca
1603,16393.0,42.0,11.0,5,1,0,3585.0,Mérida
1604,13734.0,41.0,16.0,3,1,1,4019.0,Tepic
1605,10928.0,39.0,10.0,1,0,0,2136.0,Chilpancingo
1606,6958.0,20.0,5.0,1,1,1,1522.0,Guadalajara
1607,25292.0,68.0,13.0,3,1,1,1268.0,Reynosa
1608,30871.0,38.0,5.0,2,0,0,6396.0,Hermosillo
1609,27488.0,20.0,16.0,4,0,1,10727.0,Ciudad de México
1610,6339.0,48.0,10.0,4,1,0,1317.0,Cuernavaca
1611,19941.0,46.0,16.0,3,0,0,6197.0,Mérida
1612,22926.0,35.0,12.0,5,1,0,5253.0,Veracruz
1613,11049.0,40.0,13.0,5,1,0,1999.0,Culiacán
1614,18462.0,26.0,9.0,6,0,0,3460.0,Durango
1615,16254.0,37.0,10.0,2,1,1,2752.0,Tuxtla Gutiérrez
1616,28596.0,29.0,11.0,5,1,1,6261.0,Pachuca
1617,7853.0,40.0,9.0,1,1,1,1532.0,Saltillo
1618,9290.0,20.0,9.0,4,1,0,1004.0,Cuernavaca
1619,13538.0,32.0,8.0,5,1,1,3526.0,Veracruz
1620,9329.0,52.0,7.0,4,1,1,2793.0,Ciudad de México
1621,14624.0,39.0,18.0,2,1,1,1072.0,Tuxtla Gutiérrez
1622,42660.0,20.0,11.0,4,0,1,15150.0,Pachuca
1623,9879.0,33.0,12.0,5,0,0,3148.0,Morelia
1624,8580.0,36.0,10.0,1,0,1,2459.0,Chilpancingo
1625,49068.0,55.0,11.0,2,1,1,14502.0,Monterrey
1626,6163.0,36.0,14.0,6,1,1,1561.0,Aguascalientes
1627,8157.0,33.0,13.0,1,0,0,1672.0,Veracruz
1628,30356.0,48.0,9.0,4,1,1,7131.0,Guadalajara
1629,7987.0,27.0,6.0,1,1,0,992.0,Oaxaca
1630,6491.0,64.0,12.0,2,1,0,1292.0,Tuxtla Gutiérrez
1631,5267.0,32.0,8.0,1,1,0,959.0,Ciudad de México
1632,17491.0,50.0,10.0,2,0,1,4296.0,Ciudad de México
1633,12236.0,45.0,5.0,2,1,0,3630.0,Culiacán
1634,14510.0,29.0,6.0,3,1,0,5610.0,Chilpancingo
1635,18096.0,39.0,6.0,5,0,1,4451.0,Tuxtla Gutiérrez
1636,20212.0,34.0,8.0,6,1,0,4580.0,Tijuana
1637,13867.0,38.0,6.0,5,1,1,3197.0,Chihuahua
1638,17339.0,59.0,7.0,5,0,0,3645.0,Chilpancingo
1639,16180.0,31.0,12.0,1,0,0,5117.0,Ciudad de México
1640,8873.0,46.0,7.0,1,0,0,1875.0,Monterrey
1641,32176.0,66.0,15.0,3,1,1,5919.0,Durango
1642,8598.0,46.0,3.0,4,1,0,1974.0,Monterrey
1643,11361.0,56.0,18.0,3,1,0,2327.0,Durango
1644,16341.0,54.0,12.0,4,0,0,5199.0,Oaxaca
1645,12652.0,55.0,13.0,6,1,1,2743.0,Saltillo
1646,7683.0,37.0,16.0,4,0,0,1532.0,León
1647,9728.0,28.0,14.0,3,1,0,1475.0,Tijuana
1648,20296.0,64.0,7.0,4,1,1,5347.0,Zacatecas
1649,22087.0,32.0,7.0,3,1,1,6140.0,Pachuca
1650,22697.0,31.0,10.0,2,1,1,4923.0,Mérida
1651,12607.0,23.0,13.0,1,1,1,3787.0,Monterrey
1652,7199.0,56.0,9.0,3,1,1,1505.0,León
1653,12239.0,34.0,9.0,5,1,0,3309.0,San Luis Potosí
1654,12378.0,51.0,12.0,5,0,0,2639.0,Campeche
1655,21009.0,60.0,5.0,2,1,1,7638.0,Veracruz
1656,7214.0,37.0,9.0,4,1,0,2114.0,Chilpancingo
1657,9693.0,31.0,13.0,4,1,1,1678.0,San Luis Potosí
1658,20290.0,33.0,12.0,4,1,0,3125.0,Campeche
1659,26617.0,30.0,12.0,5,1,1,6577.0,Reynosa
1660,6483.0,58.0,11.0,5,1,1,1051.0,Monterrey
1661,23078.0,43.0,9.0,8,0,0,7879.0,Villahermosa
1662,8406.0,30.0,15.0,2,1,0,2172.0,Tijuana
1663,6666.0,38.0,12.0,3,0,0,1315.0,Culiacán
1664,16488.0,29.0,16.0,6,1,0,4040.0,Chilpancingo
1665,5027.0,30.0,10.0,5,1,0,940.0,Cancún
1666,6322.0,44.0,3.0,4,1,0,813.0,Monterrey
1667,9323.0,25.0,15.0,5,1,1,3082.0,Villahermosa
1668,21154.0,30.0,13.0,6,1,0,5445.0,Querétaro
1669,21693.0,45.0,8.0,3,1,1,5330.0,Villahermosa
1670,17755.0,28.0,9.0,2,1,0,3408.0,Mérida
1671,10792.0,46.0,8.0,5,0,1,1806.0,Tijuana
1672,2412.0,24.0,10.0,1,1,0,223.0,Puebla
1673,4930.0,56.0,16.0,3,0,0,1811.0,Querétaro
1674,12410.0,43.0,14.0,1,0,0,2961.0,San Luis Potosí
1675,19775.0,40.0,3.0,4,1,0,6357.0,Reynosa
1676,15531.0,50.0,11.0,2,1,0,4439.0,Culiacán
1677,10482.0,36.0,17.0,7,0,0,2086.0,Tlaxcala
1678,21798.0,45.0,13.0,4,1,1,6003.0,Chihuahua
1679,10102.0,20.0,10.0,5,1,0,1376.0,Cancún
1680,28630.0,42.0,19.0,1,1,0,7546.0,Pachuca
1681,24547.0,26.0,14.0,7,1,0,5957.0,León
1682,6308.0,61.0,11.0,5,1,0,1351.0,León
1683,13822.0,44.0,2.0,1,0,0,4774.0,Reynosa
1684,6303.0,30.0,12.0,3,1,0,762.0,La Paz
1685,15381.0,50.0,16.0,1,1,1,1988.0,Veracruz
1686,13189.0,36.0,12.0,3,1,1,1807.0,Cancún
1687,16050.0,45.0,9.0,5,0,0,5329.0,Veracruz
1688,4597.0,35.0,11.0,2,0,0,423.0,Culiacán
1689,4317.0,43.0,13.0,4,1,1,1677.0,Chilpancingo
1690,17439.0,53.0,7.0,3,1,0,2416.0,Guadalajara
1691,10097.0,56.0,7.0,6,1,1,2601.0,Aguascalientes
1692,8828.0,36.0,9.0,5,1,0,1774.0,Toluca
1693,13884.0,34.0,11.0,4,1,1,4084.0,Villahermosa
1694,11322.0,31.0,5.0,5,0,0,4383.0,Colima
1695,10818.0,61.0,7.0,3,1,0,2347.0,Querétaro
1696,12207.0,44.0,16.0,4,1,1,3970.0,León
1697,4322.0,45.0,13.0,2,1,0,1164.0,Veracruz
1698,23314.0,46.0,17.0,2,1,0,5330.0,Tijuana
1699,4155.0,20.0,7.0,2,1,0,1121.0,Colima
1700,8452.0,55.0,11.0,4,1,1,2197.0,Veracruz
1701,4229.0,47.0,6.0,3,1,1,739.0,Toluca
1702,4803.0,40.0,4.0,4,1,0,1234.0,San Luis Potosí
1703,30927.0,35.0,12.0,2,0,0,8373.0,Veracruz
1704,6527.0,57.0,5.0,7,1,0,2098.0,Morelia
1705,19784.0,37.0,7.0,3,1,0,4972.0,Mérida
1706,15972.0,43.0,13.0,4,0,0,1073.0,Hermosillo
1707,5452.0,44.0,9.0,3,0,1,1167.0,La Paz
1708,11568.0,40.0,7.0,5,1,1,2584.0,León
1709,14148.0,33.0,9.0,7,1,0,1134.0,Tepic
1710,7746.0,31.0,8.0,4,1,1,2135.0,Tlaxcala
1711,29652.0,47.0,12.0,4,0,1,6034.0,Mérida
1712,14976.0,31.0,7.0,4,0,0,3320.0,Cancún
1713,15405.0,72.0,10.0,4,1,0,3957.0,Querétaro
1714,10882.0,51.0,9.0,1,1,0,4169.0,Campeche
1715,15119.0,24.0,10.0,1,1,0,3268.0,Querétaro
1716,6647.0,33.0,13.0,3,1,0,2297.0,San Luis Potosí
1717,10579.0,34.0,7.0,2,1,0,3220.0,Oaxaca
1718,23289.0,42.0,14.0,7,1,1,1871.0,Campeche
1719,11378.0,49.0,7.0,4,0,0,3496.0,Guadalajara
1720,14362.0,49.0,10.0,4,1,1,3742.0,Morelia
1721,10957.0,28.0,9.0,1,1,1,3433.0,Culiacán
1722,4696.0,50.0,18.0,4,1,1,1389.0,Guadalajara
1723,15587.0,51.0,13.0,3,0,1,4590.0,Villahermosa
1724,4561.0,47.0,15.0,5,1,0,1495.0,Toluca
1725,9440.0,40.0,7.0,2,1,0,2333.0,Ciudad de México
1726,26010.0,29.0,12.0,1,1,0,6374.0,Villahermosa
1727,6218.0,44.0,8.0,4,1,0,1331.0,Colima
1728,13051.0,27.0,13.0,7,1,1,4262.0,Colima
1729,12547.0,45.0,4.0,2,1,1,2064.0,Cuernavaca
1730,7632.0,43.0,8.0,4,1,0,2312.0,Durango
1731,5434.0,71.0,15.0,2,1,0,546.0,Cancún
1732,41033.0,23.0,9.0,3,1,0,10247.0,Reynosa
1733,9704.0,41.0,14.0,4,1,1,1903.0,San Luis Potosí
1734,7330.0,43.0,2.0,3,0,1,1166.0,Cancún
1735,10241.0,55.0,10.0,2,1,0,1562.0,Guadalajara
1736,12962.0,31.0,10.0,2,1,0,3577.0,Aguascalientes
1737,41034.0,57.0,13.0,2,1,0,1641.0,Tlaxcala
1738,16184.0,55.0,16.0,3,1,0,3228.0,Guadalajara
1739,6286.0,41.0,8.0,2,0,0,1048.0,Ciudad de México
1740,5479.0,36.0,10.0,2,0,1,1286.0,Durango
1741,15411.0,40.0,5.0,3,1,1,2707.0,Guadalajara
1742,13918.0,40.0,7.0,6,0,0,3761.0,Mérida
1743,4753.0,58.0,7.0,5,0,0,688.0,Reynosa
1744,15083.0,38.0,14.0,4,1,0,4384.0,Tepic
1745,6152.0,56.0,15.0,1,1,0,764.0,Monterrey
1746,11918.0,27.0,9.0,8,1,1,4014.0,Oaxaca
1747,7522.0,28.0,7.0,4,1,0,1161.0,Culiacán
1748,16808.0,50.0,10.0,1,1,0,4884.0,Guadalajara
1749,16224.0,26.0,11.0,4,1,1,5226.0,Durango
1750,9240.0,56.0,9.0,3,1,0,2854.0,Ciudad de México
1751,4721.0,53.0,4.0,3,0,0,858.0,Mérida
1752,42438.0,57.0,17.0,1,1,1,7681.0,Aguascalientes
1753,32617.0,48.0,7.0,3,1,0,7696.0,Tijuana
1754,24304.0,33.0,12.0,4,1,0,8374.0,León
1755,23155.0,40.0,17.0,1,1,1,4845.0,Villahermosa
1756,8493.0,51.0,10.0,7,1,0,2627.0,Puebla
1757,18434.0,47.0,13.0,6,1,1,3071.0,Colima
1758,8603.0,20.0,16.0,5,1,0,1526.0,Reynosa
1759,22741.0,26.0,9.0,4,0,1,6841.0,Pachuca
1760,14288.0,46.0,9.0,4,0,1,3761.0,Culiacán
1761,16393.0,29.0,11.0,4,0,1,3097.0,Colima
1762,17420.0,32.0,17.0,4,1,0,5355.0,Tuxtla Gutiérrez
1763,26083.0,32.0,11.0,6,1,0,4179.0,Toluca
1764,16286.0,44.0,13.0,6,0,1,2576.0,Hermosillo
1765,22709.0,37.0,13.0,1,1,1,4533.0,Toluca
1766,6869.0,64.0,12.0,5,0,0,299.0,Veracruz
1767,14162.0,39.0,16.0,6,1,0,4148.0,Tuxtla Gutiérrez
1768,6915.0,37.0,6.0,1,1,0,1916.0,Ciudad de México
1769,35392.0,53.0,5.0,6,1,0,6509.0,Durango
1770,3373.0,29.0,6.0,3,1,0,1139.0,Campeche
1771,7010.0,46.0,11.0,1,1,0,2166.0,Campeche
1772,17107.0,20.0,17.0,4,1,1,3954.0,Cancún
1773,6283.0,33.0,12.0,7,1,0,1335.0,La Paz
1774,16022.0,50.0,9.0,5,0,0,4584.0,Cuernavaca
1775,9608.0,31.0,8.0,2,0,0,2454.0,Reynosa
1776,5130.0,56.0,6.0,1,1,0,922.0,Cuernavaca
1777,17731.0,35.0,5.0,4,1,0,4839.0,Zacatecas
1778,10890.0,51.0,15.0,4,0,0,3250.0,La Paz
1779,8474.0,20.0,14.0,6,1,0,2798.0,La Paz
1780,10712.0,20.0,14.0,5,0,0,3255.0,Campeche
1781,4727.0,49.0,14.0,3,1,0,1306.0,Campeche
1782,13117.0,46.0,10.0,1,1,0,3437.0,Cuernavaca
1783,20360.0,33.0,8.0,1,0,1,7673.0,Tuxtla Gutiérrez
1784,13941.0,27.0,11.0,4,0,1,3427.0,Monterrey
1785,26710.0,55.0,11.0,1,1,0,5991.0,Tepic
1786,2629.0,43.0,16.0,4,1,1,639.0,Puebla
1787,18126.0,46.0,9.0,3,1,0,4884.0,Tijuana
1788,19175.0,71.0,7.0,6,1,0,4435.0,León
1789,13034.0,56.0,13.0,6,1,1,1148.0,Tlaxcala
1790,8945.0,54.0,9.0,5,1,0,853.0,Culiacán
1791,23572.0,41.0,12.0,3,1,1,9040.0,La Paz
1792,9746.0,52.0,14.0,3,1,1,2210.0,Oaxaca
1793,2873.0,45.0,11.0,9,1,0,940.0,Hermosillo
1794,50666.0,33.0,9.0,4,1,1,15733.0,San Luis Potosí
1795,14684.0,52.0,10.0,8,1,1,3647.0,Tepic
1796,10394.0,23.0,6.0,2,0,1,1123.0,Morelia
1797,6208.0,54.0,10.0,6,0,0,1226.0,Tlaxcala
1798,6836.0,31.0,9.0,4,0,1,2341.0,Toluca
1799,3345.0,46.0,12.0,3,1,1,879.0,Morelia
1800,23533.0,29.0,5.0,2,1,1,5547.0,San Luis Potosí
1801,8570.0,44.0,14.0,3,1,0,2493.0,León
1802,1773.0,53.0,6.0,2,1,0,198.0,Villahermosa
1803,5640.0,34.0,14.0,8,1,0,499.0,Puebla
1804,17703.0,54.0,11.0,5,1,1,3334.0,Monterrey
1805,12875.0,36.0,10.0,2,1,0,3328.0,Aguascalientes
1806,9599.0,25.0,3.0,6,1,0,2456.0,Reynosa
1807,10558.0,28.0,13.0,1,1,1,3198.0,Tlaxcala
1808,6923.0,26.0,13.0,4,1,0,2273.0,Mérida
1809,8040.0,25.0,7.0,4,0,0,1643.0,Cuernavaca
1810,6999.0,26.0,16.0,5,1,1,2442.0,Querétaro
1811,11933.0,30.0,9.0,4,1,0,3407.0,Campeche
1812,46980.0,28.0,10.0,2,1,1,16746.0,Veracruz
1813,20101.0,41.0,10.0,3,1,0,6574.0,Puebla
1814,14675.0,41.0,12.0,2,1,0,4780.0,Cancún
1815,5992.0,51.0,11.0,2,1,1,1486.0,Veracruz
1816,16981.0,34.0,10.0,7,1,0,1553.0,Tepic
1817,47717.0,38.0,16.0,3,0,0,14069.0,León
1818,10869.0,27.0,17.0,5,1,1,3016.0,Tijuana
1819,8337.0,63.0,12.0,5,1,0,1435.0,Pachuca
1820,7167.0,37.0,7.0,3,0,1,1535.0,Monterrey
1821,8300.0,47.0,8.0,4,0,1,1792.0,Ciudad de México
1822,39337.0,45.0,7.0,3,1,1,9079.0,Morelia
1823,40218.0,33.0,11.0,3,1,1,7762.0,Saltillo
1824,16906.0,52.0,11.0,4,1,1,1463.0,Villahermosa
1825,10357.0,52.0,6.0,4,0,1,1260.0,Villahermosa
1826,8014.0,38.0,9.0,5,1,0,2780.0,Toluca
1827,19573.0,56.0,7.0,7,1,1,5500.0,Zacatecas
1828,4303.0,51.0,9.0,5,1,0,1492.0,Cuernavaca
1829,15875.0,34.0,13.0,5,1,1,2332.0,Monterrey
1830,14683.0,57.0,12.0,1,1,0,2856.0,Reynosa
1831,25171.0,55.0,0.0,7,1,1,7448.0,Chihuahua
1832,15646.0,45.0,11.0,5,1,1,3389.0,Ciudad de México
1833,8855.0,25.0,10.0,3,1,0,2126.0,Morelia
1834,32496.0,56.0,19.0,3,1,0,8022.0,Saltillo
1835,17509.0,23.0,13.0,4,1,0,3300.0,Campeche
1836,3557.0,37.0,3.0,3,1,0,489.0,Aguascalientes
1837,28729.0,41.0,8.0,1,1,1,8669.0,Cuernavaca
1838,26198.0,47.0,4.0,4,1,0,4208.0,Guadalajara
1839,9698.0,29.0,7.0,4,1,0,2257.0,Veracruz
1840,5479.0,55.0,10.0,2,1,0,1185.0,Tlaxcala
1841,27767.0,46.0,14.0,2,0,0,2792.0,Culiacán
1842,13640.0,49.0,19.0,2,0,1,2764.0,Colima
1843,22936.0,33.0,17.0,4,1,1,6269.0,Colima
1844,5964.0,29.0,7.0,2,1,1,1066.0,La Paz
1845,7184.0,69.0,7.0,5,0,0,2278.0,Pachuca
1846,21689.0,23.0,12.0,2,1,1,2936.0,Puebla
1847,50573.0,51.0,15.0,3,1,1,16398.0,Zacatecas
1848,15267.0,39.0,17.0,2,1,0,5132.0,Cancún
1849,6809.0,37.0,14.0,4,1,0,2547.0,Cuernavaca
1850,26331.0,55.0,10.0,1,1,1,8276.0,Veracruz
1851,16726.0,36.0,12.0,7,0,1,4852.0,Morelia
1852,7481.0,40.0,15.0,3,0,1,1482.0,Colima
1853,18022.0,20.0,13.0,1,1,0,4197.0,Durango
1854,8944.0,20.0,16.0,2,0,1,2025.0,León
1855,19035.0,46.0,10.0,2,1,1,5744.0,Tijuana
1856,25549.0,37.0,7.0,4,1,0,5375.0,Culiacán
1857,10815.0,20.0,5.0,5,1,0,2860.0,Pachuca
1858,6172.0,42.0,5.0,1,1,0,1475.0,Reynosa
1859,2426.0,29.0,8.0,5,1,1,140.0,Chilpancingo
1860,10585.0,34.0,17.0,2,0,1,2965.0,Ciudad de México
1861,24766.0,58.0,17.0,1,1,0,6206.0,Chilpancingo
1862,11494.0,34.0,11.0,3,1,1,2644.0,San Luis Potosí
1863,7421.0,32.0,12.0,4,1,1,1058.0,Tepic
1864,5172.0,45.0,12.0,4,0,1,795.0,Cuernavaca
1865,19732.0,31.0,7.0,3,1,0,4450.0,San Luis Potosí
1866,17774.0,55.0,4.0,2,0,0,5453.0,Veracruz
1867,6705.0,40.0,11.0,2,1,0,2078.0,Cancún
1868,7233.0,39.0,13.0,1,1,1,1892.0,Chilpancingo
1869,6795.0,38.0,14.0,3,1,0,611.0,La Paz
1870,8326.0,30.0,11.0,3,1,0,768.0,Campeche
1871,7056.0,46.0,10.0,4,1,0,2409.0,Tepic
1872,10655.0,22.0,6.0,1,1,1,2370.0,Campeche
1873,11337.0,36.0,11.0,4,1,0,453.0,Toluca
1874,8078.0,54.0,5.0,4,1,0,3301.0,Tepic
1875,6725.0,50.0,7.0,1,1,1,2594.0,La Paz
1876,15030.0,41.0,7.0,4,0,1,4326.0,Campeche
1877,10476.0,34.0,10.0,8,1,0,619.0,La Paz
1878,20879.0,31.0,12.0,6,1,0,4053.0,Veracruz
1879,22465.0,37.0,5.0,3,1,0,4304.0,La Paz
1880,21574.0,34.0,12.0,4,1,0,7049.0,Pachuca
1881,2612.0,36.0,2.0,1,1,0,437.0,Saltillo
1882,7762.0,31.0,12.0,2,1,1,1398.0,Cuernavaca
1883,5790.0,32.0,6.0,1,0,0,1199.0,Mérida
1884,15004.0,31.0,18.0,2,1,1,4195.0,Puebla
1885,5965.0,20.0,7.0,5,0,1,964.0,Villahermosa
1886,16885.0,29.0,6.0,4,1,1,5119.0,Tuxtla Gutiérrez
1887,7950.0,42.0,10.0,4,0,0,1891.0,Chihuahua
1888,10087.0,45.0,8.0,5,1,0,1598.0,Tepic
1889,5032.0,47.0,8.0,1,1,1,507.0,Tuxtla Gutiérrez
1890,11341.0,59.0,15.0,4,1,0,2284.0,Colima
1891,28687.0,33.0,11.0,4,1,1,11947.0,Veracruz
1892,9551.0,27.0,9.0,4,1,1,3090.0,Toluca
1893,9191.0,52.0,6.0,6,1,0,1571.0,Cancún
1894,22976.0,25.0,15.0,2,1,1,7630.0,Saltillo
1895,11880.0,50.0,16.0,5,1,0,3802.0,Oaxaca
1896,14972.0,40.0,13.0,4,0,0,1341.0,Querétaro
1897,5060.0,30.0,7.0,4,1,0,1296.0,Tepic
1898,9360.0,50.0,12.0,4,1,1,2079.0,Oaxaca
1899,4912.0,34.0,14.0,2,1,1,1124.0,Saltillo
1900,4928.0,34.0,13.0,4,1,0,1413.0,Pachuca
1901,7585.0,22.0,9.0,2,1,0,1808.0,León
1902,19453.0,64.0,13.0,3,1,0,5391.0,Chilpancingo
1903,6414.0,60.0,22.0,4,1,1,257.0,La Paz
1904,14343.0,40.0,13.0,4,1,0,2710.0,Morelia
1905,9897.0,56.0,8.0,3,0,0,2180.0,Querétaro
1906,6392.0,45.0,10.0,8,1,1,1140.0,Zacatecas
1907,26656.0,65.0,10.0,9,1,1,8906.0,Cuernavaca
1908,6694.0,48.0,11.0,3,0,0,1360.0,Zacatecas
1909,5317.0,33.0,7.0,3,0,0,914.0,Oaxaca
1910,17295.0,57.0,11.0,4,1,0,4744.0,Aguascalientes
1911,11385.0,50.0,6.0,2,1,1,2038.0,San Luis Potosí
1912,30294.0,32.0,8.0,8,1,0,9691.0,Zacatecas
1913,16328.0,25.0,7.0,2,0,0,3790.0,Villahermosa
1914,14198.0,37.0,8.0,2,1,0,5272.0,Chilpancingo
1915,4710.0,53.0,6.0,2,1,0,1565.0,Ciudad de México
1916,9073.0,54.0,8.0,2,1,1,3485.0,Villahermosa
1917,5040.0,21.0,15.0,3,1,0,1570.0,Saltillo
1918,19613.0,34.0,9.0,3,0,0,3473.0,Oaxaca
1919,12396.0,59.0,8.0,2,0,0,3232.0,Tepic
1920,26833.0,58.0,13.0,1,1,1,6938.0,León
1921,16199.0,43.0,3.0,3,1,1,3199.0,Chilpancingo
1922,42296.0,24.0,5.0,4,0,1,5180.0,Zacatecas
1923,5802.0,32.0,13.0,3,1,1,1378.0,León
1924,4687.0,41.0,10.0,2,0,1,1516.0,Reynosa
1925,23786.0,33.0,14.0,2,0,1,9626.0,Veracruz
1926,10183.0,20.0,12.0,3,1,0,3094.0,Chihuahua
1927,12911.0,52.0,13.0,6,1,0,2507.0,Tepic
1928,15075.0,38.0,16.0,6,1,1,3391.0,Cancún
1929,8365.0,20.0,12.0,3,1,1,2689.0,Monterrey
1930,13161.0,45.0,10.0,2,1,1,2920.0,León
1931,13616.0,27.0,12.0,3,1,0,3212.0,Pachuca
1932,15624.0,20.0,5.0,1,1,1,3429.0,Toluca
1933,45241.0,43.0,17.0,3,1,1,9752.0,Querétaro
1934,7334.0,32.0,13.0,4,1,0,785.0,Toluca
1935,7212.0,32.0,11.0,6,0,0,1285.0,Chilpancingo
1936,21915.0,56.0,12.0,3,1,1,3347.0,Reynosa
1937,12488.0,23.0,10.0,5,1,1,2859.0,Guadalajara
1938,8909.0,23.0,10.0,8,0,0,2620.0,Tijuana
1939,8713.0,51.0,9.0,3,1,1,2842.0,Chilpancingo
1940,43916.0,47.0,14.0,5,1,1,7955.0,Colima
1941,7156.0,58.0,7.0,2,1,0,1566.0,Chilpancingo
1942,9615.0,27.0,17.0,3,1,1,2755.0,Mérida
1943,24969.0,40.0,10.0,5,1,1,6583.0,Guadalajara
1944,8336.0,23.0,5.0,1,1,1,1793.0,Cuernavaca
1945,26995.0,60.0,11.0,5,0,0,7734.0,Querétaro
1946,9093.0,55.0,11.0,1,1,1,2591.0,Reynosa
1947,21399.0,26.0,9.0,4,1,1,6058.0,Veracruz
1948,8341.0,34.0,9.0,2,1,0,1557.0,Tlaxcala
1949,9890.0,44.0,9.0,2,1,0,2986.0,Ciudad de México
1950,18237.0,21.0,8.0,5,1,0,4937.0,Ciudad de México
1951,12065.0,53.0,10.0,1,1,0,2146.0,La Paz
1952,18033.0,63.0,12.0,4,1,1,5268.0,Monterrey
1953,25823.0,35.0,13.0,1,1,1,6371.0,Ciudad de México
1954,44862.0,64.0,9.0,2,1,0,5451.0,Hermosillo
1955,10223.0,49.0,7.0,5,1,0,1871.0,Culiacán
1956,12776.0,46.0,7.0,2,1,0,2922.0,Villahermosa
1957,6818.0,48.0,7.0,4,1,0,1187.0,Hermosillo
1958,15724.0,61.0,13.0,2,0,0,3720.0,Guadalajara
1959,24928.0,49.0,8.0,4,0,0,6343.0,Saltillo
1960,7328.0,44.0,9.0,6,1,1,1008.0,Hermosillo
1961,16282.0,45.0,12.0,1,1,0,3336.0,La Paz
1962,19374.0,33.0,14.0,4,1,1,3375.0,Campeche
1963,11952.0,36.0,9.0,4,0,0,2732.0,Tlaxcala
1964,5287.0,62.0,6.0,2,1,0,943.0,Colima
1965,45075.0,58.0,14.0,4,1,0,9497.0,Chihuahua
1966,14624.0,35.0,13.0,3,1,0,3835.0,Toluca
1967,23405.0,57.0,15.0,7,1,1,7388.0,Tlaxcala
1968,13316.0,35.0,8.0,4,1,0,1834.0,Mérida
1969,37752.0,36.0,14.0,5,1,0,4942.0,Querétaro
1970,2513.0,29.0,9.0,3,1,0,554.0,Tepic
1971,13636.0,26.0,8.0,2,1,0,2384.0,Cancún
1972,16654.0,53.0,5.0,1,1,0,4237.0,León
1973,6162.0,36.0,8.0,2,1,0,2336.0,Reynosa
1974,26166.0,43.0,13.0,3,0,1,6016.0,Chihuahua
1975,10445.0,23.0,7.0,5,1,1,2073.0,Monterrey
1976,9332.0,44.0,8.0,4,1,1,2144.0,Mérida
1977,9076.0,45.0,11.0,4,1,1,2051.0,Hermosillo
1978,9654.0,41.0,10.0,3,1,1,2595.0,Culiacán
1979,10008.0,34.0,11.0,3,0,0,2226.0,Zacatecas
1980,15636.0,34.0,9.0,4,1,1,3501.0,Saltillo
1981,11980.0,41.0,12.0,4,1,1,4505.0,Tlaxcala
1982,8510.0,29.0,8.0,6,1,0,962.0,Cancún
1983,24080.0,51.0,15.0,8,1,1,8077.0,Campeche
1984,41397.0,21.0,6.0,4,1,0,11605.0,Aguascalientes
1985,8672.0,69.0,12.0,1,1,0,2318.0,Veracruz
1986,30759.0,30.0,5.0,6,1,1,6935.0,Mérida
1987,14472.0,43.0,14.0,5,1,0,3326.0,Tepic
1988,18087.0,37.0,15.0,1,1,1,2501.0,Tlaxcala
1989,10683.0,38.0,8.0,5,1,0,2814.0,Oaxaca
1990,16781.0,51.0,15.0,2,1,0,2714.0,Mérida
1991,38799.0,44.0,9.0,4,1,1,10534.0,Pachuca
1992,14268.0,44.0,5.0,3,1,0,2896.0,Monterrey
1993,15090.0,71.0,4.0,4,1,1,3820.0,Durango
1994,127482.0,37.0,12.0,4,1,1,25063.0,Oaxaca
1995,5528.0,36.0,6.0,2,1,0,1259.0,Saltillo
1996,24157.0,40.0,11.0,2,0,1,9264.0,Guadalajara
1997,11401.0,27.0,12.0,1,1,0,2961.0,Campeche
1998,9472.0,32.0,4.0,3,1,0,3930.0,Reynosa
1999,12012.0,51.0,12.0,6,1,0,2751.0,Cuernavaca
2000,10129.0,26.0,7.0,5,1,0,3019.0,Mérida
2001,12858.0,20.0,6.0,5,0,0,3101.0,Durango
2002,18843.0,39.0,16.0,2,1,1,1868.0,Cuernavaca
2003,7728.0,34.0,10.0,2,0,1,2257.0,Monterrey
2004,7514.0,29.0,7.0,1,1,1,1332.0,Oaxaca
2005,6392.0,25.0,12.0,1,1,0,1257.0,Tijuana
2006,7922.0,46.0,8.0,1,1,1,1707.0,Chihuahua
2007,6727.0,40.0,15.0,5,1,0,2208.0,Guadalajara
2008,6918.0,37.0,12.0,3,0,1,818.0,Mérida
2009,10499.0,43.0,9.0,2,1,0,1861.0,Morelia
2010,8156.0,20.0,6.0,4,1,0,1998.0,Oaxaca
2011,18126.0,35.0,8.0,4,0,0,3239.0,Cuernavaca
2012,10217.0,58.0,11.0,3,1,0,2866.0,Tepic
2013,4588.0,52.0,12.0,3,1,1,968.0,Cancún
2014,2275.0,22.0,13.0,3,1,0,629.0,Durango
2015,16268.0,30.0,16.0,3,1,1,4845.0,Toluca
2016,7556.0,32.0,10.0,3,1,0,1255.0,Tlaxcala
2017,11741.0,60.0,14.0,7,1,0,2574.0,Morelia
2018,9300.0,43.0,5.0,6,1,1,1951.0,Saltillo
2019,13491.0,50.0,12.0,2,1,1,4197.0,Cuernavaca
2020,3680.0,61.0,12.0,2,1,0,1087.0,Tlaxcala
2021,16922.0,46.0,12.0,3,1,1,4301.0,Cancún
2022,5580.0,48.0,12.0,3,1,1,1432.0,León
2023,9657.0,37.0,7.0,7,1,0,1636.0,Campeche
2024,14863.0,25.0,10.0,3,0,0,3242.0,Campeche
2025,7442.0,53.0,11.0,4,1,1,2292.0,Campeche
2026,13898.0,54.0,15.0,4,1,1,3638.0,Tlaxcala
2027,15244.0,45.0,12.0,2,1,0,4231.0,Cancún
2028,29409.0,40.0,8.0,8,0,1,5066.0,La Paz
2029,6388.0,59.0,14.0,3,1,0,1549.0,Hermosillo
2030,18314.0,60.0,10.0,3,1,0,4744.0,Tlaxcala
2031,13976.0,33.0,15.0,7,1,1,1136.0,Saltillo
2032,8306.0,37.0,11.0,6,0,0,2945.0,San Luis Potosí
2033,5629.0,49.0,15.0,1,1,1,1272.0,Colima
2034,16257.0,47.0,13.0,1,1,1,3628.0,Durango
2035,9426.0,43.0,13.0,4,1,1,2495.0,Morelia
2036,9867.0,39.0,11.0,5,1,0,3467.0,Querétaro
2037,8682.0,51.0,11.0,2,1,1,1306.0,León
2038,15338.0,31.0,9.0,2,1,1,4355.0,Morelia
2039,6191.0,54.0,10.0,3,1,1,884.0,Tijuana
2040,19397.0,66.0,10.0,3,0,1,3460.0,Durango
2041,4825.0,43.0,12.0,4,1,0,212.0,Cancún
2042,35080.0,32.0,6.0,6,1,0,15201.0,Tuxtla Gutiérrez
2043,54708.0,58.0,12.0,3,1,1,6302.0,Durango
2044,16281.0,50.0,7.0,4,1,0,2806.0,Aguascalientes
2045,10130.0,60.0,9.0,4,0,1,1317.0,Durango
2046,9138.0,55.0,9.0,3,1,0,3119.0,Ciudad de México
2047,16454.0,46.0,11.0,4,1,1,3773.0,Tepic
2048,32270.0,53.0,10.0,4,0,1,9294.0,Cancún
2049,17323.0,28.0,11.0,3,1,1,2495.0,Pachuca
2050,6514.0,29.0,11.0,1,1,1,1102.0,Puebla
2051,41293.0,36.0,11.0,6,1,0,9489.0,Puebla
2052,27584.0,46.0,19.0,4,1,1,7824.0,Oaxaca
2053,19550.0,33.0,7.0,4,1,1,4255.0,Guadalajara
2054,13123.0,31.0,9.0,1,1,1,2490.0,Reynosa
2055,19588.0,37.0,9.0,4,1,1,4834.0,Tepic
2056,9089.0,40.0,9.0,1,1,0,3092.0,Pachuca
2057,9038.0,31.0,14.0,3,1,1,2087.0,Tlaxcala
2058,10464.0,61.0,7.0,7,1,0,2312.0,Mérida
2059,13858.0,36.0,7.0,2,0,0,5207.0,Chihuahua
2060,19888.0,47.0,10.0,4,1,1,5619.0,Campeche
2061,6682.0,25.0,8.0,3,1,0,808.0,Oaxaca
2062,17270.0,40.0,10.0,4,1,1,4090.0,Tlaxcala
2063,20593.0,66.0,7.0,2,1,0,2340.0,Saltillo
2064,13459.0,49.0,10.0,1,1,1,3674.0,Puebla
2065,12820.0,39.0,5.0,4,0,1,513.0,Cuernavaca
2066,29812.0,35.0,10.0,3,1,0,4790.0,Cuernavaca
2067,5148.0,60.0,6.0,5,1,1,1710.0,Chihuahua
2068,10655.0,58.0,5.0,5,1,1,1938.0,Pachuca
2069,15204.0,38.0,16.0,3,1,0,7188.0,Reynosa
2070,16949.0,64.0,13.0,6,1,1,5942.0,Mérida
2071,11535.0,37.0,12.0,3,1,1,3662.0,Hermosillo
2072,6026.0,37.0,4.0,2,0,0,724.0,Tijuana
2073,12132.0,47.0,5.0,4,1,0,3762.0,Guadalajara
2074,8583.0,45.0,6.0,3,1,0,2584.0,Querétaro
2075,51217.0,47.0,9.0,2,1,0,13786.0,Pachuca
2076,3909.0,21.0,14.0,3,1,1,828.0,Morelia
2077,17237.0,39.0,15.0,1,1,1,4919.0,Reynosa
2078,8850.0,29.0,10.0,3,1,0,1218.0,Villahermosa
2079,22660.0,23.0,15.0,7,1,0,6847.0,Chihuahua
2080,11456.0,55.0,10.0,3,0,1,2742.0,Tepic
2081,15062.0,39.0,12.0,4,0,0,3837.0,Chilpancingo
2082,9124.0,36.0,7.0,1,1,0,2471.0,Cuernavaca
2083,17507.0,28.0,11.0,4,0,1,2694.0,Tlaxcala
2084,48414.0,38.0,13.0,5,1,1,9663.0,Zacatecas
2085,7140.0,46.0,13.0,5,1,0,2002.0,Aguascalientes
2086,21356.0,23.0,20.0,3,1,1,4648.0,Villahermosa
2087,70051.0,40.0,12.0,6,0,0,14348.0,Aguascalientes
2088,18633.0,52.0,12.0,4,1,1,6058.0,Durango
2089,15470.0,31.0,9.0,7,1,0,2841.0,Cuernavaca
2090,6944.0,50.0,6.0,3,1,1,1501.0,San Luis Potosí
2091,13054.0,39.0,18.0,5,1,0,3885.0,Toluca
2092,10426.0,44.0,16.0,5,1,0,2173.0,León
2093,18726.0,54.0,12.0,5,1,0,1405.0,Toluca
2094,24048.0,27.0,10.0,1,1,0,9443.0,Morelia
2095,6151.0,25.0,9.0,2,1,1,2081.0,Morelia
2096,8022.0,25.0,12.0,4,1,0,2577.0,Campeche
2097,7590.0,39.0,12.0,5,1,0,2064.0,Reynosa
2098,2479.0,34.0,8.0,4,1,0,510.0,León
2099,3977.0,52.0,10.0,5,1,0,1662.0,Aguascalientes
2100,10873.0,46.0,15.0,1,1,1,2573.0,Villahermosa
2101,11960.0,39.0,2.0,6,1,0,3642.0,Saltillo
2102,9961.0,53.0,6.0,4,1,0,3213.0,Zacatecas
2103,8142.0,49.0,9.0,5,1,0,1646.0,Morelia
2104,9995.0,54.0,9.0,2,1,0,2469.0,Querétaro
2105,13526.0,31.0,6.0,5,0,0,1094.0,Oaxaca
2106,23403.0,46.0,10.0,1,1,0,6547.0,Tuxtla Gutiérrez
2107,11604.0,51.0,9.0,4,1,0,2646.0,Puebla
2108,8224.0,26.0,5.0,6,0,0,985.0,Reynosa
2109,11036.0,44.0,5.0,4,1,1,1408.0,Monterrey
2110,8255.0,56.0,8.0,8,1,0,2120.0,Hermosillo
2111,8627.0,35.0,15.0,2,0,0,3070.0,Villahermosa
2112,19751.0,51.0,12.0,1,1,1,7140.0,Durango
2113,18367.0,40.0,9.0,3,1,0,4942.0,Mérida
2114,8922.0,48.0,16.0,5,1,0,3171.0,Durango
2115,31545.0,39.0,19.0,1,1,0,6644.0,Tlaxcala
2116,7862.0,41.0,11.0,4,1,0,1983.0,Saltillo
2117,17213.0,32.0,7.0,3,1,0,2512.0,Toluca
2118,17228.0,42.0,15.0,5,1,1,3938.0,Chihuahua
2119,8192.0,35.0,5.0,1,0,0,1643.0,Cuernavaca
2120,8922.0,53.0,10.0,1,1,0,1337.0,Puebla
2121,7641.0,57.0,10.0,2,1,1,1953.0,Cancún
2122,6523.0,25.0,11.0,3,1,0,1846.0,Toluca
2123,15595.0,41.0,9.0,6,1,0,6407.0,Villahermosa
2124,9729.0,55.0,11.0,2,0,0,2831.0,Chihuahua
2125,18815.0,26.0,12.0,3,1,0,3979.0,Durango
2126,19559.0,44.0,16.0,3,0,1,6450.0,La Paz
2127,29692.0,40.0,12.0,4,1,1,4797.0,Saltillo
2128,5579.0,39.0,11.0,3,1,0,1904.0,Oaxaca
2129,9274.0,59.0,14.0,6,1,1,747.0,Tlaxcala
2130,13202.0,30.0,6.0,3,1,1,2493.0,Campeche
2131,9857.0,31.0,12.0,1,1,1,2356.0,Querétaro
2132,5192.0,35.0,10.0,3,0,1,955.0,Culiacán
2133,11385.0,52.0,12.0,5,1,0,3871.0,Mérida
2134,10843.0,32.0,11.0,4,1,0,3173.0,Monterrey
2135,8890.0,44.0,21.0,2,1,0,1991.0,Veracruz
2136,16057.0,58.0,9.0,3,1,0,2849.0,Chilpancingo
2137,4254.0,29.0,12.0,4,1,0,1164.0,Cancún
2138,9852.0,31.0,9.0,3,1,0,3275.0,Cuernavaca
2139,9009.0,38.0,16.0,6,1,1,2736.0,Chihuahua
2140,12916.0,51.0,3.0,7,1,1,2998.0,Villahermosa
2141,5571.0,39.0,13.0,3,1,0,2160.0,Puebla
2142,11481.0,55.0,14.0,4,1,1,2080.0,Saltillo
2143,12229.0,37.0,11.0,4,0,1,2555.0,Campeche
2144,8001.0,29.0,13.0,2,1,0,2760.0,Campeche
2145,8043.0,51.0,7.0,4,1,1,2294.0,Saltillo
2146,5061.0,41.0,15.0,4,1,1,1042.0,Guadalajara
2147,10017.0,49.0,7.0,3,0,0,4335.0,Aguascalientes
2148,22808.0,36.0,10.0,2,1,1,6916.0,Tuxtla Gutiérrez
2149,15076.0,68.0,20.0,1,0,0,3862.0,Toluca
2150,9796.0,41.0,13.0,4,1,1,1897.0,León
2151,10755.0,55.0,13.0,1,1,0,2245.0,Campeche
2152,6928.0,37.0,7.0,4,1,1,1807.0,Mérida
2153,11600.0,48.0,11.0,2,1,1,4001.0,Morelia
2154,21746.0,35.0,9.0,2,1,1,1407.0,Cancún
2155,11629.0,39.0,3.0,2,1,1,3378.0,Tepic
2156,23936.0,42.0,16.0,5,1,0,4011.0,Saltillo
2157,9326.0,28.0,14.0,3,1,0,1933.0,Aguascalientes
2158,12120.0,49.0,10.0,4,1,0,3424.0,Ciudad de México
2159,14122.0,58.0,13.0,5,1,1,5044.0,Campeche
2160,3509.0,30.0,13.0,7,1,0,869.0,Querétaro
2161,4324.0,20.0,6.0,2,1,1,686.0,Culiacán
2162,11911.0,31.0,13.0,1,1,1,3308.0,Monterrey
2163,13854.0,66.0,9.0,3,1,1,2859.0,Saltillo
2164,9435.0,26.0,18.0,2,1,1,1676.0,Chihuahua
2165,9663.0,52.0,8.0,2,1,0,1868.0,Zacatecas
2166,43540.0,67.0,17.0,4,0,0,10403.0,Ciudad de México
2167,18629.0,43.0,11.0,2,1,1,4474.0,Tlaxcala
2168,9899.0,45.0,5.0,3,1,0,2799.0,Veracruz
2169,13057.0,53.0,12.0,2,1,0,3553.0,Cancún
2170,4661.0,35.0,11.0,3,1,0,1131.0,Monterrey
2171,23757.0,50.0,14.0,3,0,0,5844.0,Mérida
2172,7078.0,55.0,8.0,3,1,0,1113.0,Monterrey
2173,7145.0,45.0,13.0,3,0,1,2221.0,Cuernavaca
2174,4496.0,20.0,4.0,3,1,0,1584.0,Aguascalientes
2175,19587.0,47.0,5.0,3,1,1,3371.0,Tuxtla Gutiérrez
2176,11016.0,29.0,11.0,2,1,1,2236.0,Hermosillo
2177,28020.0,54.0,15.0,2,0,1,6176.0,Saltillo
2178,4648.0,38.0,3.0,5,1,0,914.0,Cancún
2179,4663.0,61.0,16.0,3,1,0,752.0,Veracruz
2180,19304.0,36.0,4.0,3,1,0,7066.0,Veracruz
2181,7718.0,58.0,18.0,3,1,0,2016.0,Guadalajara
2182,12235.0,25.0,11.0,6,0,0,2400.0,Durango
2183,10673.0,27.0,7.0,4,1,0,2759.0,Tijuana
2184,2695.0,48.0,8.0,4,1,0,1038.0,Toluca
2185,5667.0,41.0,9.0,3,1,0,1267.0,La Paz
2186,16495.0,55.0,10.0,2,0,0,3121.0,Veracruz
2187,24721.0,43.0,12.0,4,1,1,5603.0,Villahermosa
2188,12691.0,29.0,3.0,4,1,0,3644.0,Toluca
2189,13000.0,54.0,2.0,4,1,0,3523.0,Durango
2190,7792.0,49.0,3.0,8,1,0,907.0,Tepic
2191,4895.0,36.0,6.0,2,1,1,1196.0,Tuxtla Gutiérrez
2192,18613.0,29.0,7.0,4,1,0,2565.0,Ciudad de México
2193,14244.0,48.0,9.0,5,1,0,1889.0,Cancún
2194,15244.0,28.0,8.0,3,0,1,3032.0,Cancún
2195,10342.0,61.0,15.0,4,1,1,3031.0,San Luis Potosí
2196,13310.0,49.0,11.0,3,1,1,4405.0,Ciudad de México
2197,20301.0,32.0,10.0,5,0,0,6439.0,Hermosillo
2198,11864.0,54.0,11.0,2,0,1,1416.0,Aguascalientes
2199,9722.0,61.0,11.0,2,1,0,2414.0,Querétaro
2200,7349.0,49.0,10.0,6,1,0,1037.0,Toluca
2201,8455.0,42.0,10.0,4,1,0,1581.0,San Luis Potosí
2202,5863.0,25.0,8.0,4,1,0,1820.0,Chilpancingo
2203,8724.0,28.0,11.0,5,1,1,1859.0,Tijuana
2204,13897.0,53.0,12.0,6,0,1,4297.0,Villahermosa
2205,6081.0,38.0,13.0,2,1,0,1506.0,Ciudad de México
2206,7088.0,40.0,10.0,4,1,1,1492.0,Monterrey
2207,12092.0,39.0,10.0,2,0,1,2071.0,Colima
2208,14539.0,29.0,13.0,4,1,0,5925.0,Colima
2209,28867.0,42.0,13.0,2,1,0,12561.0,Toluca
2210,25899.0,53.0,10.0,4,1,0,3249.0,Reynosa
2211,6371.0,50.0,12.0,3,1,1,2786.0,Toluca
2212,10338.0,51.0,15.0,3,0,1,1211.0,Tepic
2213,92085.0,44.0,8.0,2,1,0,19596.0,Mérida
2214,18973.0,51.0,15.0,5,1,1,7405.0,Aguascalientes
2215,5739.0,27.0,15.0,5,1,0,1002.0,Pachuca
2216,14519.0,57.0,9.0,4,1,0,3620.0,Veracruz
2217,29941.0,46.0,10.0,5,0,1,7051.0,Guadalajara
2218,2298.0,41.0,9.0,3,1,1,505.0,Saltillo
2219,9929.0,45.0,1.0,2,1,0,3230.0,Toluca
2220,14686.0,50.0,12.0,3,0,0,4647.0,Tuxtla Gutiérrez
2221,12068.0,20.0,17.0,2,1,1,2171.0,Zacatecas
2222,9552.0,29.0,9.0,1,1,1,1942.0,Tlaxcala
2223,5145.0,40.0,12.0,6,1,0,1485.0,Morelia
2224,11895.0,35.0,12.0,4,1,0,2465.0,Chilpancingo
2225,9406.0,46.0,14.0,4,1,1,2342.0,Reynosa
2226,5456.0,45.0,10.0,4,1,0,1301.0,Zacatecas
2227,19982.0,40.0,9.0,1,0,0,7684.0,La Paz
2228,5405.0,64.0,10.0,5,1,0,1414.0,Tepic
2229,7137.0,49.0,15.0,2,1,1,1994.0,Aguascalientes
2230,15691.0,43.0,10.0,3,1,0,2774.0,Tuxtla Gutiérrez
2231,26662.0,41.0,11.0,4,1,0,4625.0,Toluca
2232,12899.0,33.0,12.0,3,1,0,3383.0,Guadalajara
2233,20645.0,34.0,6.0,3,1,1,4820.0,Oaxaca
2234,17949.0,48.0,8.0,4,1,1,4058.0,Veracruz
2235,20873.0,30.0,11.0,3,0,0,4633.0,Zacatecas
2236,9985.0,41.0,8.0,3,1,1,995.0,Reynosa
2237,6086.0,40.0,16.0,2,1,0,917.0,Hermosillo
2238,10681.0,51.0,15.0,2,1,0,1552.0,Chihuahua
2239,10152.0,29.0,13.0,4,1,1,3616.0,Toluca
2240,11029.0,51.0,10.0,7,1,0,1320.0,Pachuca
2241,16721.0,20.0,10.0,6,1,0,3279.0,Culiacán
2242,3331.0,20.0,18.0,6,1,1,758.0,Toluca
2243,5953.0,53.0,11.0,6,1,0,1245.0,Durango
2244,9081.0,54.0,9.0,4,1,1,2126.0,Guadalajara
2245,15514.0,24.0,10.0,2,1,0,3782.0,Puebla
2246,16259.0,49.0,12.0,1,1,1,5144.0,Saltillo
2247,12641.0,38.0,17.0,2,1,1,4643.0,Pachuca
2248,15641.0,68.0,9.0,3,1,0,4043.0,Cuernavaca
2249,16736.0,68.0,9.0,7,1,0,4108.0,Zacatecas
2250,17408.0,36.0,8.0,1,1,0,3437.0,Guadalajara
2251,5297.0,33.0,15.0,2,1,1,1350.0,Villahermosa
2252,6881.0,45.0,3.0,4,1,1,1269.0,Reynosa
2253,6347.0,55.0,4.0,4,1,0,1397.0,Monterrey
2254,26999.0,55.0,14.0,5,1,1,12767.0,Ciudad de México
2255,13464.0,58.0,22.0,4,0,1,5365.0,Villahermosa
2256,9422.0,44.0,12.0,3,1,0,2974.0,Tlaxcala
2257,21700.0,64.0,9.0,5,1,1,5028.0,Cancún
2258,10838.0,50.0,12.0,1,1,1,1932.0,Saltillo
2259,8108.0,71.0,9.0,4,1,0,1610.0,Morelia
2260,32242.0,66.0,11.0,2,1,0,9886.0,Aguascalientes
2261,11039.0,34.0,10.0,1,1,0,3501.0,Colima
2262,26648.0,38.0,10.0,3,1,0,5998.0,Cuernavaca
2263,31639.0,41.0,9.0,1,1,0,1476.0,Cuernavaca
2264,12297.0,25.0,8.0,2,1,1,2729.0,Puebla
2265,16091.0,33.0,15.0,5,1,0,4184.0,Cuernavaca
2266,21709.0,31.0,13.0,2,1,1,4839.0,Tlaxcala
2267,33309.0,30.0,12.0,5,0,1,9509.0,Tepic
2268,14077.0,73.0,17.0,4,1,1,563.0,Oaxaca
2269,16783.0,57.0,8.0,5,1,0,4368.0,Aguascalientes
2270,6591.0,29.0,11.0,5,1,1,1994.0,Culiacán
2271,14962.0,49.0,1.0,3,1,0,2900.0,Reynosa
2272,13696.0,33.0,9.0,5,0,0,839.0,Tlaxcala
2273,11773.0,36.0,8.0,3,1,1,3133.0,Veracruz
2274,8483.0,78.0,9.0,3,1,1,971.0,Tepic
2275,6197.0,20.0,15.0,2,1,0,1773.0,Tlaxcala
2276,16739.0,56.0,11.0,3,0,1,5010.0,Puebla
2277,29070.0,20.0,10.0,5,1,0,7667.0,Culiacán
2278,43054.0,54.0,5.0,6,1,0,11317.0,Zacatecas
2279,5502.0,45.0,13.0,2,1,0,1234.0,Saltillo
2280,9728.0,41.0,10.0,4,1,0,3165.0,Ciudad de México
2281,47765.0,61.0,11.0,4,1,1,8655.0,Tuxtla Gutiérrez
2282,19142.0,40.0,8.0,2,1,1,4993.0,San Luis Potosí
2283,10267.0,39.0,13.0,3,1,1,3169.0,Campeche
2284,13766.0,32.0,15.0,3,1,1,1860.0,Morelia
2285,21835.0,45.0,14.0,5,1,0,5414.0,Durango
2286,2643.0,35.0,13.0,1,1,0,368.0,Cuernavaca
2287,14855.0,28.0,13.0,2,0,1,5217.0,Tepic
2288,16661.0,51.0,6.0,4,0,0,4351.0,Tuxtla Gutiérrez
2289,9804.0,25.0,11.0,1,1,1,1979.0,Pachuca
2290,7057.0,34.0,10.0,3,1,1,2516.0,Reynosa
2291,26828.0,44.0,11.0,5,1,1,5426.0,Querétaro
2292,16440.0,31.0,10.0,3,1,1,4931.0,Tepic
2293,13133.0,43.0,6.0,1,1,1,5387.0,Villahermosa
2294,10930.0,49.0,8.0,4,0,0,1721.0,Campeche
2295,20001.0,20.0,8.0,3,1,1,4892.0,Tuxtla Gutiérrez
2296,30518.0,43.0,12.0,1,1,1,7440.0,Pachuca
2297,27788.0,20.0,14.0,5,1,1,8069.0,Durango
2298,11179.0,68.0,10.0,3,1,0,2775.0,Hermosillo
2299,4281.0,54.0,4.0,4,1,0,951.0,Veracruz
2300,15997.0,37.0,8.0,5,1,0,3271.0,Cuernavaca
2301,9817.0,54.0,13.0,2,1,0,3407.0,La Paz
2302,24525.0,20.0,5.0,4,1,1,8077.0,San Luis Potosí
2303,3531.0,29.0,13.0,3,1,1,1600.0,La Paz
2304,44144.0,49.0,12.0,2,1,1,12435.0,Pachuca
2305,10761.0,45.0,6.0,2,1,0,3490.0,Monterrey
2306,21155.0,53.0,8.0,2,1,1,5734.0,Colima
2307,2752.0,28.0,12.0,1,1,0,756.0,Durango
2308,15080.0,20.0,10.0,2,1,1,2956.0,Monterrey
2309,8620.0,20.0,7.0,2,1,0,3388.0,Cancún
2310,2769.0,42.0,19.0,1,1,1,721.0,Tepic
2311,16374.0,34.0,0.0,1,1,1,2541.0,Cancún
2312,9784.0,48.0,7.0,2,0,0,2355.0,Querétaro
2313,18837.0,42.0,10.0,5,1,0,7076.0,Tlaxcala
2314,15595.0,46.0,17.0,3,1,0,3010.0,Reynosa
2315,7457.0,36.0,11.0,6,1,0,1357.0,Oaxaca
2316,18305.0,20.0,14.0,6,1,0,2882.0,Tlaxcala
2317,7492.0,36.0,13.0,2,0,1,2509.0,Veracruz
2318,11057.0,45.0,8.0,6,1,0,2993.0,Ciudad de México
2319,4825.0,59.0,21.0,6,1,1,1336.0,Toluca
2320,7904.0,36.0,10.0,4,1,1,1897.0,Cuernavaca
2321,4820.0,30.0,11.0,4,1,0,961.0,León
2322,15928.0,41.0,10.0,4,1,0,6642.0,Tlaxcala
2323,8531.0,45.0,11.0,2,0,0,1817.0,Colima
2324,27891.0,50.0,6.0,1,1,0,4509.0,Zacatecas
2325,9960.0,31.0,7.0,1,1,0,2558.0,Tuxtla Gutiérrez
2326,12425.0,49.0,12.0,1,1,1,3945.0,Cancún
2327,20382.0,30.0,9.0,7,0,0,2041.0,Tuxtla Gutiérrez
2328,6658.0,44.0,7.0,1,1,1,874.0,Monterrey
2329,6679.0,36.0,12.0,4,1,0,1285.0,Ciudad de México
2330,3355.0,33.0,2.0,2,1,0,846.0,Cancún
2331,6492.0,37.0,12.0,5,0,0,1676.0,Tepic
2332,8865.0,70.0,8.0,1,1,0,2242.0,Tijuana
2333,19224.0,45.0,12.0,3,0,1,5986.0,Durango
2334,7118.0,57.0,7.0,5,1,1,1209.0,Culiacán
2335,6143.0,56.0,10.0,3,1,0,892.0,Puebla
2336,6213.0,63.0,13.0,2,0,0,1438.0,Colima
2337,13800.0,20.0,8.0,3,1,0,2500.0,Aguascalientes
2338,16767.0,27.0,10.0,10,1,1,2497.0,Aguascalientes
2339,6990.0,35.0,13.0,3,1,1,1471.0,La Paz
2340,16083.0,34.0,8.0,3,1,0,2777.0,San Luis Potosí
2341,23173.0,25.0,11.0,4,1,1,5075.0,Culiacán
2342,13379.0,29.0,8.0,4,1,0,4479.0,Cancún
2343,2412.0,37.0,12.0,3,1,0,378.0,Cuernavaca
2344,4475.0,56.0,11.0,11,1,0,801.0,Morelia
2345,13636.0,26.0,2.0,4,0,0,2721.0,León
2346,6258.0,46.0,11.0,9,1,0,666.0,Mérida
2347,21849.0,24.0,11.0,3,0,0,3938.0,Morelia
2348,17068.0,25.0,9.0,5,1,0,4386.0,Toluca
2349,42091.0,40.0,13.0,2,1,0,10746.0,San Luis Potosí
2350,16115.0,44.0,15.0,3,0,1,2038.0,Chihuahua
2351,9167.0,34.0,11.0,3,1,1,3033.0,Pachuca
2352,45324.0,47.0,8.0,9,1,0,13024.0,Pachuca
2353,11684.0,41.0,8.0,2,0,0,2995.0,Toluca
2354,12285.0,32.0,8.0,5,0,0,2405.0,Villahermosa
2355,6608.0,37.0,12.0,2,0,0,1613.0,Cuernavaca
2356,9656.0,50.0,4.0,3,0,0,1665.0,Cuernavaca
2357,7689.0,47.0,9.0,2,0,1,2111.0,Durango
2358,14549.0,54.0,12.0,3,0,0,1707.0,Chilpancingo
2359,5826.0,40.0,12.0,3,1,1,1064.0,Cuernavaca
2360,10966.0,52.0,13.0,3,0,0,2224.0,Monterrey
2361,8685.0,31.0,21.0,3,1,1,2002.0,León
2362,4805.0,56.0,11.0,4,1,1,225.0,Aguascalientes
2363,13239.0,46.0,12.0,7,1,1,2740.0,Guadalajara
2364,8782.0,39.0,11.0,4,1,0,1869.0,Monterrey
2365,35234.0,20.0,14.0,5,1,1,5070.0,Guadalajara
2366,7935.0,39.0,14.0,2,1,0,1558.0,Tuxtla Gutiérrez
2367,9070.0,47.0,10.0,6,1,1,2639.0,Morelia
2368,24076.0,42.0,14.0,1,0,1,6417.0,Querétaro
2369,14298.0,31.0,15.0,2,1,0,5122.0,Tijuana
2370,14757.0,29.0,1.0,3,1,1,3854.0,Culiacán
2371,11352.0,48.0,12.0,4,1,1,2327.0,Veracruz
2372,4627.0,20.0,10.0,2,1,0,1399.0,Puebla
2373,8434.0,56.0,8.0,7,1,0,1543.0,Aguascalientes
2374,4974.0,32.0,8.0,7,1,0,719.0,Tlaxcala
2375,11877.0,54.0,12.0,5,1,1,4113.0,León
2376,11754.0,40.0,8.0,9,1,0,2556.0,Tijuana
2377,4511.0,51.0,10.0,4,1,0,835.0,Guadalajara
2378,3923.0,22.0,11.0,7,1,1,1290.0,Tlaxcala
2379,17367.0,48.0,10.0,4,1,0,4264.0,Durango
2380,7011.0,69.0,6.0,2,1,0,1622.0,Aguascalientes
2381,5354.0,53.0,11.0,3,1,1,1005.0,Tlaxcala
2382,9741.0,34.0,17.0,3,1,0,1778.0,Chilpancingo
2383,20293.0,40.0,8.0,2,1,0,7279.0,Chihuahua
2384,12472.0,36.0,13.0,4,0,1,4334.0,Pachuca
2385,18773.0,50.0,12.0,3,1,1,5629.0,Ciudad de México
2386,7312.0,46.0,8.0,5,0,0,1846.0,Tuxtla Gutiérrez
2387,4655.0,46.0,9.0,5,1,0,1404.0,Colima
2388,10653.0,33.0,6.0,3,1,0,2364.0,Villahermosa
2389,16184.0,29.0,9.0,1,1,1,3288.0,Pachuca
2390,6842.0,44.0,10.0,4,0,1,2117.0,Hermosillo
2391,7039.0,25.0,6.0,7,1,0,1748.0,León
2392,7842.0,41.0,5.0,1,1,1,1757.0,Culiacán
2393,24876.0,38.0,11.0,4,1,0,5116.0,Aguascalientes
2394,6162.0,45.0,10.0,6,1,0,1976.0,Colima
2395,10324.0,52.0,8.0,3,0,0,3019.0,Durango
2396,6738.0,52.0,15.0,5,0,0,1251.0,Tuxtla Gutiérrez
2397,75293.0,41.0,8.0,4,1,1,19401.0,La Paz
2398,7198.0,28.0,7.0,4,1,0,1724.0,León
2399,12106.0,31.0,14.0,7,1,1,1641.0,León
2400,15086.0,31.0,13.0,7,0,0,3224.0,Zacatecas
